Timestamp;FPS;CPU;RAM;GPU;VRAM;Running Models
1713954383.588566;0;0.00;0.5;0.0;0.0;
1713954383.6050808;0;0.00;0.5;0.0;0.0;
1713954383.6215854;0;0.00;0.5;0.0;0.0;
1713954383.6360905;0;0.00;0.5;0.0;0.0;
1713954383.654183;0;0.00;0.5;0.0;0.0;
1713954383.6680179;0;0.00;0.5;0.0;0.0;
1713954383.6836376;0;0.00;0.5;0.0;0.0;
1713954383.70081;0;0.00;0.5;0.0;0.0;
1713954383.7130241;0;0.00;0.5;0.0;0.0;
1713954383.7296364;0;0.00;0.5;0.0;0.0;
1713954383.745299;0;0.00;0.5;0.0;0.0;
1713954383.7608836;0;0.00;0.5;0.0;0.0;
1713954383.7751071;0;1.70;0.5;0.0;0.0;
1713954383.7906349;0;0.00;0.5;0.0;0.0;
1713954383.8076863;0;0.00;0.5;0.0;0.0;
1713954383.822688;0;4.30;0.5;0.0;0.0;
1713954383.838758;0;0.00;0.5;0.0;0.0;
1713954383.8544714;0;2.20;0.5;0.0;0.0;
1713954383.8701699;0;4.20;0.5;0.0;0.0;
1713954383.8860798;0;0.00;0.5;0.0;0.0;
1713954383.9005213;0;0.00;0.5;0.0;0.0;
1713954383.9151385;0;0.00;0.5;0.0;0.0;
1713954383.9312186;0;0.00;0.5;0.0;0.0;
1713954383.9473493;0;0.00;0.5;0.0;0.0;
1713954383.9643533;0;0.00;0.5;0.0;0.0;
1713954383.9780066;0;0.00;0.5;0.0;0.0;
1713954383.99372;0;0.00;0.5;0.0;0.0;
1713954384.009721;0;0.00;0.5;0.0;0.0;
1713954384.0287335;0;0.00;0.5;0.0;0.0;
1713954384.0404482;0;0.00;0.5;0.0;0.0;
1713954384.0556211;0;0.00;0.5;0.0;0.0;
1713954384.0714781;0;0.00;0.5;0.0;0.0;
1713954384.0876744;0;0.00;0.5;0.0;0.0;
1713954384.1036475;0;0.00;0.5;0.0;0.0;
1713954384.118439;0;0.00;0.5;0.0;0.0;
1713954384.1344638;0;0.00;0.5;0.0;0.0;
1713954384.1495996;0;0.00;0.5;0.0;0.0;
1713954384.166833;0;0.00;0.5;0.0;0.0;
1713954384.1858332;0;4.50;0.5;0.0;0.0;
1713954384.1964447;0;0.00;0.5;0.0;0.0;
1713954384.2119849;0;0.00;0.5;0.0;0.0;
1713954384.2289875;0;0.00;0.5;0.0;0.0;
1713954384.245003;0;0.00;0.5;0.0;0.0;
1713954384.2601311;0;0.00;0.5;0.0;0.0;
1713954384.2750075;0;0.00;0.5;0.0;0.0;
1713954384.2901723;0;0.00;0.5;0.0;0.0;
1713954384.3072577;0;0.00;0.5;0.0;0.0;
1713954384.3214648;0;0.00;0.5;0.0;0.0;
1713954384.3383873;0;0.00;0.5;1.0;0.0;
1713954384.353158;0;0.00;0.5;1.0;0.0;
1713954384.3697546;0;0.00;0.5;1.0;0.0;
1713954384.3857589;0;0.00;0.5;1.0;0.0;
1713954384.4007628;0;0.00;0.5;1.0;0.0;
1713954384.416767;0;0.00;0.5;1.0;0.0;
1713954384.4325476;0;0.00;0.5;1.0;0.0;
1713954384.4482062;0;0.00;0.5;1.0;0.0;
1713954384.4652872;0;0.00;0.5;1.0;0.0;
1713954384.479809;0;0.00;0.5;1.0;0.0;
1713954384.4958541;0;0.00;0.5;1.0;0.0;
1713954384.5120413;0;0.00;0.5;1.0;0.0;
1713954384.529435;0;0.00;0.5;0.0;0.0;
1713954384.5429418;0;0.00;0.5;0.0;0.0;
1713954384.5591838;0;0.00;0.5;0.0;0.0;
1713954384.5732725;0;0.00;0.5;0.0;0.0;
1713954384.5892265;0;0.00;0.5;0.0;0.0;
1713954384.6061914;0;5.90;0.6;0.0;0.0;
1713954384.622195;0;4.30;0.6;0.0;0.0;
1713954384.6378238;0.0;4.80;0.6;0.0;0.0;Yolo V8
1713954384.6538882;0.0;4.20;0.6;0.0;0.0;Yolo V8
1713954384.6708882;0.0;4.20;0.6;0.0;0.0;Yolo V8
1713954384.6859488;0.0;3.80;0.6;0.0;0.0;Yolo V8
1713954384.7010581;0.0;4.80;0.6;0.0;0.0;Yolo V8
1713954384.7179458;0.0;7.70;0.6;0.0;0.0;Yolo V8
1713954384.7335703;0.0;4.30;0.6;1.0;0.0;Yolo V8
1713954384.7485685;0.0;3.70;0.6;1.0;0.0;Yolo V8
1713954384.7672682;0.0;4.80;0.6;1.0;0.0;Yolo V8
1713954384.7812688;0.0;3.10;0.6;1.0;0.0;Yolo V8
1713954384.7962677;0.0;0.00;0.6;1.0;0.0;Yolo V8
1713954384.8132665;0.0;0.00;0.6;1.0;0.0;Yolo V8
1713954384.8302708;0.0;0.00;0.6;1.0;0.0;Yolo V8
1713954384.8567765;0.0;0.00;0.7;1.0;0.0;Yolo V8
1713954384.8757763;0.0;4.30;0.7;1.0;0.0;Yolo V8
1713954384.890776;0.0;12.50;0.7;1.0;0.0;Yolo V8
1713954384.9067764;0.0;10.50;0.7;1.0;0.0;Yolo V8
1713954384.9237785;0.0;0.00;0.7;1.0;0.0;Yolo V8
1713954384.9382849;0.0;3.70;0.7;15.0;0.0;Yolo V8
1713954384.954285;0.0;7.10;0.7;15.0;0.0;Yolo V8
1713954384.9702854;0.0;4.20;0.8;15.0;0.0;Yolo V8
1713954384.9872856;0.0;4.20;0.8;15.0;0.0;Yolo V8
1713954385.0022848;0.0;0.00;0.8;15.0;0.0;Yolo V8
1713954385.0182884;0.0;0.00;0.9;15.0;0.0;Yolo V8
1713954385.033793;0.0;0.00;0.9;15.0;0.0;Yolo V8
1713954385.0507932;0.0;0.00;0.9;15.0;0.0;Yolo V8
1713954385.0659418;0.0;3.80;0.9;15.0;0.0;Yolo V8
1713954385.080947;0.0;4.20;0.9;15.0;0.0;Yolo V8
1713954385.096941;0.0;4.20;0.9;15.0;0.0;Yolo V8
1713954385.1129415;0.0;4.20;1.0;15.0;0.0;Yolo V8
1713954385.1785357;0.0;2.10;1.0;5.0;0.0;Yolo V8
1713954385.2471926;15.043543532505232;7.00;1.0;5.0;0.0;Yolo V8
1713954385.2581918;15.043543532505232;100.00;1.0;5.0;0.0;Yolo V8
1713954385.3102388;15.991863344994648;7.30;1.0;5.0;0.0;Yolo V8
1713954385.3212407;15.991863344994648;0.00;1.0;5.0;0.0;Yolo V8
1713954385.3757465;15.278325248449827;3.00;1.0;10.0;0.0;Yolo V8
1713954385.3847463;15.278325248449827;0.00;1.0;10.0;0.0;Yolo V8
1713954385.4403613;15.338670167838538;0.00;1.0;10.0;0.0;Yolo V8
1713954385.448364;15.338670167838538;4.50;1.0;10.0;0.0;Yolo V8
1713954385.5052192;15.649525739651887;1.20;1.0;10.0;0.0;Yolo V8
1713954385.5123725;15.649525739651887;5.30;1.0;10.0;0.0;Yolo V8
1713954385.5659778;15.649525739651887;1.40;1.0;10.0;0.0;Yolo V8
1713954385.576979;16.349620277510766;8.00;1.0;10.0;0.0;Yolo V8
1713954385.6290534;16.006300082963484;0.00;1.0;10.0;0.0;Yolo V8
1713954385.6395605;16.006300082963484;0.00;1.0;10.0;0.0;Yolo V8
1713954385.690908;16.006300082963484;3.10;1.0;10.0;0.0;Yolo V8
1713954385.7521985;16.132362811635595;2.00;1.0;10.0;0.0;Yolo V8
1713954385.8134267;16.367630059750766;1.10;1.0;10.0;0.0;Yolo V8
1713954385.878836;15.44184523837187;2.10;1.0;10.0;0.0;Yolo V8
1713954385.947344;14.583573353501352;5.90;1.0;10.0;0.0;Yolo V8
1713954385.9593449;14.583573353501352;4.80;1.0;10.0;0.0;Yolo V8
1713954386.0136611;15.209171737231108;3.80;1.0;10.0;0.0;Yolo V8
1713954386.0743587;15.209171737231108;5.80;1.0;10.0;0.0;Yolo V8
1713954386.0813622;16.310180488269886;0.00;1.0;10.0;0.2;Yolo V8
1713954386.137708;16.310180488269886;2.20;1.0;10.0;0.0;Yolo V8
1713954386.1477103;15.949344881148011;0.00;1.0;10.0;0.0;Yolo V8
1713954386.1990032;16.388096336412215;2.80;1.0;10.0;0.0;Yolo V8
1713954386.2100065;16.388096336412215;0.00;1.0;10.0;0.0;Yolo V8
1713954386.2641232;15.392761707183864;1.40;1.0;10.0;0.0;Yolo V8
1713954386.2711225;15.392761707183864;0.00;1.0;10.0;0.0;Yolo V8
1713954386.3267105;15.392761707183864;3.70;1.0;10.0;0.0;Yolo V8
1713954386.3343112;15.782479551116884;0.00;1.0;10.0;0.0;Yolo V8
1713954386.3964207;14.573393066563586;2.20;1.0;10.0;0.0;Yolo V8
1713954386.4607265;15.645143122556288;4.20;1.0;10.0;0.0;Yolo V8
1713954386.5275338;16.07655009992031;2.10;1.0;10.0;0.0;Yolo V8
1713954386.5892758;14.894783248889349;2.00;1.0;10.0;0.0;Yolo V8
1713954386.657643;14.930052704060921;1.70;1.0;10.0;0.0;Yolo V8
1713954386.6686432;14.930052704060921;0.00;1.0;10.0;0.0;Yolo V8
1713954386.723625;14.930052704060921;0.00;1.0;10.0;0.0;Yolo V8
1713954386.7306917;14.987897271527792;0.00;1.0;10.0;0.0;Yolo V8
1713954386.7897692;15.179320907000134;1.20;1.0;10.0;0.0;Yolo V8
1713954386.8560371;15.098350652755707;1.90;1.0;10.0;0.0;Yolo V8
1713954386.922941;15.010439760838397;2.80;1.0;10.0;0.0;Yolo V8
1713954386.9854465;15.010439760838397;1.70;1.0;10.0;0.0;Yolo V8
1713954387.0519547;15.397241121404129;1.00;1.0;10.0;0.0;Yolo V8
1713954387.1140487;15.46649261670474;0.00;1.0;10.0;0.0;Yolo V8
1713954387.1775563;15.838196979275969;1.00;1.0;12.0;0.0;Yolo V8
1713954387.1905565;15.720081931842548;1.00;1.0;12.0;0.0;Yolo V8
1713954387.245823;15.168200166899503;1.30;1.0;12.0;0.0;Yolo V8
1713954387.2518268;15.168200166899503;0.00;1.0;12.0;0.0;Yolo V8
1713954387.312446;15.073225734570363;4.40;1.0;12.0;0.0;Yolo V8
1713954387.377601;15.395273648874486;1.90;1.0;11.0;0.0;Yolo V8
1713954387.4463716;14.784938282281542;1.90;1.0;11.0;0.0;Yolo V8
1713954387.5073712;14.784938282281542;0.00;1.0;11.0;0.0;Yolo V8
1713954387.5209336;15.543131415015212;1.00;1.0;11.0;0.0;Yolo V8
1713954387.5774395;15.543131415015212;1.30;1.0;10.0;0.0;Yolo V8
1713954387.5844398;14.880243801087374;0.00;1.0;10.0;0.0;Yolo V8
1713954387.643609;14.880243801087374;3.70;1.0;10.0;0.0;Yolo V8
1713954387.7124104;14.694602087175333;2.50;1.0;10.0;0.0;Yolo V8
1713954387.7778406;15.181210519798311;2.00;1.0;10.0;0.0;Yolo V8
1713954387.8383539;15.181210519798311;5.30;1.0;10.0;0.0;Yolo V8
1713954387.9004123;16.04479707084253;1.80;1.0;10.0;0.0;Yolo V8
1713954387.9650357;15.659965766880978;1.00;1.0;10.0;0.0;Yolo V8
1713954388.0300426;15.659965766880978;2.40;1.0;10.0;0.0;Yolo V8
1713954388.0947456;15.813101792685265;1.10;1.0;10.0;0.0;Yolo V8
1713954388.154735;15.813101792685265;0.00;1.0;10.0;0.0;Yolo V8
1713954388.1683993;15.914266661960651;4.80;1.0;10.0;0.0;Yolo V8
1713954388.2183657;16.400513666662842;0.00;1.0;10.0;0.0;Yolo V8
1713954388.2778778;16.400513666662842;3.70;1.0;10.0;0.0;Yolo V8
1713954388.3436127;15.490306940109333;2.90;1.0;10.0;0.0;Yolo V8
1713954388.3976207;0;2.30;1.0;10.0;0.0;
1713954388.4056256;0;0.00;1.0;10.0;0.0;
1713954388.4226303;0;0.00;1.0;10.0;0.0;
1713954388.437137;0;4.20;1.1;10.0;0.0;
1713954388.4531362;0;4.00;1.1;10.0;0.0;
1713954388.469081;0;4.00;1.2;10.0;0.0;
1713954388.4860363;0;0.00;1.2;10.0;0.0;
1713954388.5010355;0;4.20;1.3;10.0;0.0;
1713954388.517036;0;0.00;1.3;10.0;0.0;
1713954388.5330381;0;0.00;1.3;1.0;0.0;
1713954388.5482123;0;0.00;1.3;1.0;0.0;
1713954388.5652127;0;0.00;1.3;1.0;0.0;
1713954388.5812128;0;6.20;1.3;1.0;0.0;
1713954388.6002123;0;0.00;1.3;1.0;0.0;
1713954388.611653;0;0.00;1.3;1.0;0.0;
1713954388.6270673;0;0.00;1.3;1.0;0.0;
1713954388.6435275;0;0.00;1.3;1.0;0.0;
1713954388.6595275;0;0.00;1.3;1.0;0.0;
1713954388.674527;0;0.00;1.3;1.0;0.0;
1713954388.6915276;0;0.00;1.4;1.0;0.0;
1713954388.706527;0;0.00;1.4;1.0;0.0;
1713954388.7290804;0;0.00;1.4;0.0;0.0;
1713954388.7375464;0;0.00;1.4;0.0;0.0;
1713954388.7535465;0;0.00;1.4;0.0;0.0;
1713954388.768789;0;0.00;1.4;0.0;0.0;
1713954388.7857404;0;0.00;1.4;0.0;0.0;
1713954388.8007402;0;0.00;1.4;0.0;0.0;
1713954388.81674;0.0;0.00;1.4;0.0;0.1;Fast SAM
1713954388.8337429;0.0;0.00;1.4;0.0;0.2;Fast SAM
1713954388.849248;0.0;0.00;1.4;0.0;0.4;Fast SAM
1713954388.8652477;0.0;0.00;1.4;0.0;0.3;Fast SAM
1713954388.8802478;0.0;0.00;1.4;0.0;0.3;Fast SAM
1713954388.8972483;0.0;4.00;1.4;0.0;0.5;Fast SAM
1713954388.9122484;0.0;0.00;1.4;0.0;0.6;Fast SAM
1713954388.92925;0.0;0.00;1.5;20.0;0.4;Fast SAM
1713954388.9453628;0.0;0.00;1.5;20.0;0.4;Fast SAM
1713954388.9603622;0.0;0.00;1.5;20.0;0.4;Fast SAM
1713954388.9763622;0.0;0.00;1.5;20.0;0.3;Fast SAM
1713954388.9943624;5.312217622436664;3.00;1.5;20.0;0.3;Fast SAM
1713954389.0093632;5.312217622436664;0.00;1.5;20.0;0.3;Fast SAM
1713954389.0253649;5.312217622436664;0.00;1.5;20.0;0.3;Fast SAM
1713954389.0400338;5.312217622436664;0.00;1.5;20.0;0.3;Fast SAM
1713954389.056034;18.198229678308138;0.00;1.5;20.0;0.4;Fast SAM
1713954389.0720336;18.198229678308138;0.00;1.5;20.0;0.3;Fast SAM
1713954389.089034;18.198229678308138;0.00;1.5;20.0;0.3;Fast SAM
1713954389.1050339;18.415968856880244;4.50;1.5;20.0;0.4;Fast SAM
1713954389.1200335;18.415968856880244;0.00;1.5;20.0;0.3;Fast SAM
1713954389.135037;18.415968856880244;0.00;1.5;65.0;0.4;Fast SAM
1713954389.1515417;18.415968856880244;0.00;1.5;65.0;0.3;Fast SAM
1713954389.167542;18.852664544239186;0.00;1.5;65.0;0.3;Fast SAM
1713954389.184544;18.852664544239186;0.00;1.5;65.0;0.4;Fast SAM
1713954389.198542;18.852664544239186;0.00;1.5;65.0;0.3;Fast SAM
1713954389.2145429;19.22744140201934;5.30;1.5;65.0;0.4;Fast SAM
1713954389.2305462;19.22744140201934;0.00;1.5;65.0;0.3;Fast SAM
1713954389.2467499;19.22744140201934;0.00;1.5;65.0;0.3;Fast SAM
1713954389.2627501;19.56935673039519;0.00;1.5;65.0;0.3;Fast SAM
1713954389.2777495;19.56935673039519;0.00;1.5;65.0;0.3;Fast SAM
1713954389.2937493;19.56935673039519;0.00;1.5;65.0;0.3;Fast SAM
1713954389.3127499;19.60542129243467;0.00;1.5;65.0;0.3;Fast SAM
1713954389.326752;19.60542129243467;0.00;1.5;79.0;0.3;Fast SAM
1713954389.3408196;19.60542129243467;0.00;1.5;79.0;0.3;Fast SAM
1713954389.3568196;19.60542129243467;0.00;1.5;79.0;0.3;Fast SAM
1713954389.373823;19.177257308868267;0.00;1.5;79.0;0.3;Fast SAM
1713954389.3888197;19.177257308868267;0.00;1.5;79.0;0.3;Fast SAM
1713954389.4058201;19.177257308868267;0.00;1.5;79.0;0.3;Fast SAM
1713954389.4218214;19.587717718135483;5.00;1.5;79.0;0.4;Fast SAM
1713954389.4368238;19.587717718135483;3.80;1.5;79.0;0.3;Fast SAM
1713954389.4520257;19.587717718135483;0.00;1.5;79.0;0.3;Fast SAM
1713954389.4690259;19.49519150730883;0.00;1.5;79.0;0.4;Fast SAM
1713954389.485026;19.49519150730883;0.00;1.5;79.0;0.3;Fast SAM
1713954389.5010257;19.49519150730883;0.00;1.5;79.0;0.3;Fast SAM
1713954389.5170252;19.636643540363277;0.00;1.5;79.0;0.3;Fast SAM
1713954389.5320277;19.636643540363277;0.00;1.5;80.0;0.3;Fast SAM
1713954389.5480907;19.636643540363277;0.00;1.5;80.0;0.4;Fast SAM
1713954389.5660908;19.608612105694736;0.00;1.5;80.0;0.3;Fast SAM
1713954389.5810902;19.608612105694736;0.00;1.5;80.0;0.3;Fast SAM
1713954389.6150908;19.608612105694736;2.90;1.5;80.0;0.3;Fast SAM
1713954389.627093;19.326696552949315;2.60;1.5;80.0;0.4;Fast SAM
1713954389.6435983;19.326696552949315;0.00;1.5;80.0;0.3;Fast SAM
1713954389.6585984;19.326696552949315;3.70;1.5;80.0;0.3;Fast SAM
1713954389.6735983;19.246647719015527;5.60;1.5;80.0;0.4;Fast SAM
1713954389.6895988;19.246647719015527;3.80;1.5;80.0;0.3;Fast SAM
1713954389.7065983;19.246647719015527;3.00;1.5;80.0;0.3;Fast SAM
1713954389.7226012;19.600925164323233;5.60;1.5;80.0;0.3;Fast SAM
1713954389.7381055;19.600925164323233;0.00;1.5;81.0;0.3;Fast SAM
1713954389.7531054;19.600925164323233;3.30;1.5;81.0;0.4;Fast SAM
1713954389.7691052;19.600925164323233;0.00;1.5;81.0;0.3;Fast SAM
1713954389.7861073;19.419247972196988;0.00;1.5;81.0;0.3;Fast SAM
1713954389.8021057;19.419247972196988;0.00;1.5;81.0;0.4;Fast SAM
1713954389.8171048;19.419247972196988;0.00;1.5;81.0;0.3;Fast SAM
1713954389.8341088;19.648334107739586;0.00;1.5;81.0;0.4;Fast SAM
1713954389.8483238;19.648334107739586;0.00;1.5;81.0;0.3;Fast SAM
1713954389.8653238;19.648334107739586;3.40;1.5;81.0;0.3;Fast SAM
1713954389.8813248;19.46229569434761;0.00;1.5;81.0;0.3;Fast SAM
1713954389.897325;19.46229569434761;0.00;1.5;81.0;0.3;Fast SAM
1713954389.912324;19.46229569434761;0.00;1.5;81.0;0.3;Fast SAM
1713954389.9293265;19.716399303628688;0.00;1.5;82.0;0.3;Fast SAM
1713954389.9444964;19.716399303628688;0.00;1.5;82.0;0.3;Fast SAM
1713954389.9594963;19.716399303628688;0.00;1.5;82.0;0.4;Fast SAM
1713954389.9754963;19.716399303628688;0.00;1.5;82.0;0.3;Fast SAM
1713954389.992496;19.138060043206426;0.00;1.5;82.0;0.3;Fast SAM
1713954390.0084963;19.138060043206426;0.00;1.5;82.0;0.6;Fast SAM
1713954390.0244985;19.138060043206426;0.00;1.5;82.0;0.3;Fast SAM
1713954390.040618;19.421397726538743;0.00;1.5;82.0;0.3;Fast SAM
1713954390.0566185;19.421397726538743;4.30;1.5;82.0;0.3;Fast SAM
1713954390.072619;19.421397726538743;0.00;1.5;82.0;0.3;Fast SAM
1713954390.0886183;19.45949311962444;0.00;1.5;82.0;0.4;Fast SAM
1713954390.104618;19.45949311962444;0.00;1.5;82.0;0.3;Fast SAM
1713954390.1196177;19.45949311962444;3.00;1.5;82.0;0.3;Fast SAM
1713954390.1356199;19.733090226855417;0.00;1.5;80.0;0.4;Fast SAM
1713954390.1511257;19.733090226855417;0.00;1.5;80.0;0.3;Fast SAM
1713954390.168126;19.733090226855417;0.00;1.5;80.0;0.4;Fast SAM
1713954390.1856496;19.548469455266826;0.00;1.5;80.0;0.3;Fast SAM
1713954390.1980429;19.548469455266826;0.00;1.5;80.0;0.3;Fast SAM
1713954390.2134533;19.548469455266826;0.00;1.5;80.0;0.3;Fast SAM
1713954390.228482;19.548469455266826;0.00;1.5;80.0;0.3;Fast SAM
1713954390.2451236;19.26611513224144;0.00;1.5;80.0;0.3;Fast SAM
1713954390.260126;19.26611513224144;0.00;1.5;80.0;0.3;Fast SAM
1713954390.277126;19.26611513224144;0.00;1.5;80.0;0.3;Fast SAM
1713954390.2921264;19.570850387537913;0.00;1.5;80.0;0.4;Fast SAM
1713954390.3081262;19.570850387537913;0.00;1.5;80.0;0.3;Fast SAM
1713954390.3261287;19.570850387537913;0.00;1.5;80.0;0.3;Fast SAM
1713954390.3406336;19.65478338052608;0.00;1.5;80.0;0.3;Fast SAM
1713954390.3556333;19.65478338052608;0.00;1.5;80.0;0.3;Fast SAM
1713954390.3726342;19.65478338052608;2.90;1.5;80.0;0.4;Fast SAM
1713954390.3896334;19.395744959891918;6.20;1.5;80.0;0.3;Fast SAM
1713954390.4046347;19.395744959891918;0.00;1.5;80.0;0.3;Fast SAM
1713954390.4196334;19.395744959891918;0.00;1.5;80.0;0.4;Fast SAM
1713954390.4356358;19.395744959891918;0.00;1.5;80.0;0.3;Fast SAM
1713954390.451141;19.293361339421555;0.00;1.5;80.0;0.3;Fast SAM
1713954390.4681427;19.293361339421555;0.00;1.5;80.0;0.3;Fast SAM
1713954390.4841413;19.293361339421555;0.00;1.5;80.0;0.3;Fast SAM
1713954390.4991415;19.384803867204845;0.00;1.5;80.0;0.4;Fast SAM
1713954390.5161421;19.384803867204845;0.00;1.5;80.0;0.3;Fast SAM
1713954390.5311434;19.384803867204845;0.00;1.5;79.0;0.3;Fast SAM
1713954390.5476482;19.727406701529514;0.00;1.5;79.0;0.4;Fast SAM
1713954390.5636482;19.727406701529514;0.00;1.5;79.0;0.3;Fast SAM
1713954390.5796478;19.727406701529514;0.00;1.5;79.0;0.3;Fast SAM
1713954390.5966477;19.57962544776846;3.80;1.5;79.0;0.3;Fast SAM
1713954390.6106474;19.57962544776846;0.00;1.5;79.0;0.3;Fast SAM
1713954390.626652;19.57962544776846;6.70;1.5;79.0;0.4;Fast SAM
1713954390.6431563;19.57962544776846;0.00;1.5;79.0;0.3;Fast SAM
1713954390.6581557;19.24394392491813;0.00;1.5;79.0;0.3;Fast SAM
1713954390.674156;19.24394392491813;0.00;1.5;79.0;0.3;Fast SAM
1713954390.6901562;19.24394392491813;0.00;1.5;79.0;0.3;Fast SAM
1713954390.7071562;19.5934361983907;0.00;1.5;79.0;0.4;Fast SAM
1713954390.7261584;19.5934361983907;0.00;1.5;82.0;0.3;Fast SAM
1713954390.7376604;19.5934361983907;0.00;1.5;82.0;0.3;Fast SAM
1713954390.7536628;19.463318464455128;0.00;1.5;82.0;0.4;Fast SAM
1713954390.7696626;19.463318464455128;0.00;1.5;82.0;0.3;Fast SAM
1713954390.7866626;19.463318464455128;0.00;1.5;82.0;0.3;Fast SAM
1713954390.8026628;19.637530462043788;0.00;1.5;82.0;0.3;Fast SAM
1713954390.8186631;19.637530462043788;0.00;1.5;82.0;0.3;Fast SAM
1713954390.8336651;19.637530462043788;0.00;1.5;82.0;0.4;Fast SAM
1713954390.8491702;19.637530462043788;0.00;1.5;82.0;0.3;Fast SAM
1713954390.8661706;19.286068324398887;0.00;1.5;82.0;0.3;Fast SAM
1713954390.8821704;19.286068324398887;0.00;1.5;82.0;0.4;Fast SAM
1713954390.8981707;19.286068324398887;0.00;1.5;82.0;0.3;Fast SAM
1713954390.9141703;19.64609523751039;7.40;1.5;82.0;0.3;Fast SAM
1713954390.929173;19.64609523751039;11.10;1.5;80.0;0.3;Fast SAM
1713954390.9456782;19.64609523751039;0.00;1.5;80.0;0.3;Fast SAM
1713954390.961678;19.600387300213175;0.00;1.5;80.0;0.4;Fast SAM
1713954390.976678;19.600387300213175;0.00;1.5;80.0;0.3;Fast SAM
1713954390.992678;19.600387300213175;0.00;1.5;80.0;0.3;Fast SAM
1713954391.0096784;19.414007600737904;0.00;1.5;80.0;0.4;Fast SAM
1713954391.0256803;19.414007600737904;0.00;1.5;80.0;0.3;Fast SAM
1713954391.0397406;19.414007600737904;0.00;1.5;80.0;0.4;Fast SAM
1713954391.0577402;19.48011469094432;0.00;1.5;80.0;0.3;Fast SAM
1713954391.0727408;19.48011469094432;3.00;1.5;80.0;0.3;Fast SAM
1713954391.08774;19.48011469094432;0.00;1.5;80.0;0.3;Fast SAM
1713954391.1047401;19.48011469094432;5.00;1.5;80.0;0.3;Fast SAM
1713954391.1197402;19.440426754699747;0.00;1.5;80.0;0.3;Fast SAM
1713954391.135743;19.440426754699747;3.00;1.5;80.0;0.3;Fast SAM
1713954391.1517553;19.440426754699747;0.00;1.5;80.0;0.3;Fast SAM
1713954391.167757;19.440918069108314;5.00;1.5;80.0;0.4;Fast SAM
1713954391.1847563;19.440918069108314;0.00;1.5;80.0;0.3;Fast SAM
1713954391.1997564;19.440918069108314;0.00;1.5;80.0;0.3;Fast SAM
1713954391.2157555;19.544839768687496;0.00;1.5;80.0;0.4;Fast SAM
1713954391.2317579;19.544839768687496;0.00;1.5;80.0;0.3;Fast SAM
1713954391.2472632;19.544839768687496;0.00;1.5;80.0;0.3;Fast SAM
1713954391.2652633;19.622733327819013;5.60;1.5;80.0;0.3;Fast SAM
1713954391.2792633;19.622733327819013;0.00;1.5;80.0;0.3;Fast SAM
1713954391.2942634;19.622733327819013;0.00;1.5;80.0;0.3;Fast SAM
1713954391.3102646;19.622733327819013;4.00;1.5;80.0;0.3;Fast SAM
1713954391.3272676;19.22696080751894;0.00;1.5;79.0;0.3;Fast SAM
1713954391.3427706;19.22696080751894;4.80;1.5;79.0;0.3;Fast SAM
1713954391.35777;19.22696080751894;0.00;1.5;79.0;0.3;Fast SAM
1713954391.3737702;19.292281924433095;4.80;1.5;79.0;0.4;Fast SAM
1713954391.3907704;19.292281924433095;0.00;1.5;79.0;0.3;Fast SAM
1713954391.4067702;19.292281924433095;3.20;1.5;79.0;0.3;Fast SAM
1713954391.422771;19.38833674887969;0.00;1.5;79.0;0.4;Fast SAM
1713954391.4382749;19.38833674887969;0.00;1.5;79.0;0.3;Fast SAM
1713954391.4532773;19.38833674887969;5.60;1.5;79.0;0.3;Fast SAM
1713954391.4722774;19.56663809568379;0.00;1.5;79.0;0.3;Fast SAM
1713954391.4862783;19.56663809568379;0.00;1.5;79.0;0.3;Fast SAM
1713954391.5022786;19.56663809568379;0.00;1.5;79.0;0.3;Fast SAM
1713954391.5182776;19.56663809568379;0.00;1.5;79.0;0.3;Fast SAM
1713954391.5787024;0;0.00;1.5;82.0;0.0;
1713954391.5973136;0;0.00;1.5;82.0;0.0;
1713954391.6114476;0;0.00;1.5;82.0;0.0;
1713954391.6379507;0;3.60;1.5;82.0;0.0;
1713954391.6439545;0;5.30;1.5;82.0;0.0;
1713954391.6589532;0;4.30;1.5;82.0;0.0;
1713954391.6759534;0;0.00;1.5;82.0;0.0;
1713954391.691954;0;4.30;1.5;82.0;0.0;
1713954391.7075663;0;3.80;1.5;82.0;0.0;
1713954391.725568;0;4.00;1.5;1.0;0.0;
1713954391.7381468;0;0.00;1.5;1.0;0.0;
1713954391.7541497;0;4.20;1.5;1.0;0.0;
1713954391.7692184;0;4.00;1.5;1.0;0.0;
1713954391.785205;0;0.00;1.5;1.0;0.0;
1713954391.8022144;0;0.00;1.5;1.0;0.0;
1713954391.8168495;0;0.00;1.5;1.0;0.0;
1713954391.8328452;0;0.00;1.5;1.0;0.0;
1713954391.8481734;0;0.00;1.5;1.0;0.0;
1713954391.8634565;0;0.00;1.5;1.0;0.0;
1713954391.879053;0;0.00;1.5;1.0;0.0;
1713954391.8942482;0;0.00;1.5;1.0;0.0;
1713954391.909829;0;0.00;1.5;1.0;0.0;
1713954391.9248772;0;0.00;1.5;0.0;0.0;
1713954391.9395936;0;0.00;1.5;0.0;0.0;
1713954391.954593;0;0.00;1.5;0.0;0.0;
1713954391.97018;0;0.00;1.5;0.0;0.0;
1713954391.9853323;0;0.00;1.5;0.0;0.0;
1713954392.0004864;0;0.00;1.5;0.0;0.0;
1713954392.0161002;0;0.00;1.5;0.0;0.0;
1713954392.0510147;0;0.00;1.5;0.0;0.0;
1713954392.0633008;0;0.00;1.5;0.0;0.0;
1713954392.077656;0;0.00;1.5;0.0;0.0;
1713954392.092657;0;0.00;1.5;0.0;0.0;
1713954392.1088293;0;0.00;1.5;0.0;0.0;
1713954392.1254103;0;0.00;1.5;0.0;0.0;
1713954392.1389608;0;0.00;1.5;0.0;0.0;
1713954392.1549652;0;0.00;1.5;0.0;0.0;
1713954392.1710486;0;0.00;1.5;0.0;0.0;
1713954392.194209;0;0.00;1.5;0.0;0.0;
1713954392.2023792;0;0.00;1.5;0.0;0.0;
1713954392.216526;0;0.00;1.5;0.0;0.0;
1713954392.2323554;0;0.00;1.5;0.0;0.0;
1713954392.2482374;0;0.00;1.5;0.0;0.0;
1713954392.264238;0;0.00;1.5;0.0;0.0;
1713954392.2805684;0;0.00;1.5;0.0;0.0;
1713954392.2961464;0;0.00;1.5;0.0;0.0;
1713954392.3115559;0;0.00;1.5;0.0;0.0;
1713954392.326627;0;2.40;1.5;0.0;0.0;
1713954392.3416126;0;0.00;1.5;0.0;0.0;
1713954392.3564663;0;0.00;1.5;0.0;0.0;
1713954392.3725133;0;0.00;1.5;0.0;0.0;
1713954392.3871217;0;0.00;1.5;0.0;0.0;
1713954392.403126;0;0.00;1.5;0.0;0.0;
1713954392.4182773;0;0.00;1.5;0.0;0.0;
1713954392.4343798;0;0.00;1.5;0.0;0.0;
1713954392.4495904;0;0.00;1.5;0.0;0.0;
1713954392.4705913;0;2.40;1.1;0.0;0.0;
1713954392.4811332;0;9.10;1.1;0.0;0.0;
1713954392.4980981;0;3.80;1.1;0.0;0.0;
1713954392.5130975;0;0.00;1.1;0.0;0.0;
1713954392.530163;0;4.20;1.1;0.0;0.0;
1713954392.5456047;0;4.20;1.1;0.0;0.0;
1713954392.5611606;0;0.00;1.1;0.0;0.0;
1713954392.5761597;0;4.50;1.1;0.0;0.0;
1713954392.5921595;0;0.00;1.2;0.0;0.0;
1713954392.60816;0;4.30;1.2;0.0;0.0;
1713954392.625163;0;6.70;1.2;0.0;0.0;
1713954392.6396673;0;0.00;1.2;0.0;0.0;
1713954392.655666;0;9.10;1.2;0.0;0.0;
1713954392.6716661;0;2.90;1.2;0.0;0.0;
1713954392.6876662;0;4.20;1.2;0.0;0.0;
1713954392.7046666;0;3.80;1.2;0.0;0.0;
1713954392.719666;0;4.20;1.2;0.0;0.0;
1713954392.735668;0;4.30;1.2;0.0;0.0;
1713954392.751173;0;0.00;1.2;0.0;0.0;
1713954392.767173;0;4.00;1.2;0.0;0.0;
1713954392.7831728;0;4.00;1.2;0.0;0.0;
1713954392.7991743;0;4.20;1.2;0.0;0.0;
1713954392.8151739;0;0.00;1.2;0.0;0.0;
1713954392.8311753;0;0.00;1.2;0.0;0.0;
1713954392.8473296;0;0.00;1.2;0.0;0.0;
1713954392.862324;0;4.00;1.2;0.0;0.0;
1713954392.878324;0;0.00;1.2;0.0;0.0;
1713954392.8943238;0;0.00;1.2;0.0;0.0;
1713954392.9113245;0;0.00;1.2;0.0;0.0;
1713954392.9254937;0;0.00;1.2;0.0;0.0;
1713954392.9420748;0;3.60;1.2;0.0;0.0;
1713954392.9570744;0;4.50;1.2;0.0;0.0;
1713954392.9730747;0;4.20;1.2;0.0;0.0;
1713954392.9890742;0;0.00;1.2;0.0;0.0;
1713954393.0051196;0;8.70;1.2;0.0;0.0;
1713954393.0210743;0;0.00;1.2;0.0;0.0;
1713954393.0370758;0;2.30;1.2;0.0;0.0;
1713954393.052602;0;0.00;1.2;0.0;0.0;
1713954393.0686016;0;2.60;1.2;0.0;0.0;
1713954393.0846016;0;4.20;1.2;0.0;0.0;
1713954393.1007636;0;0.00;1.3;0.0;0.0;
1713954393.116181;0;3.40;1.4;0.0;0.0;
1713954393.1314363;0;5.30;1.6;0.0;0.0;
1713954393.1479416;0;3.00;1.7;0.0;0.0;
1713954393.163621;0;4.00;1.9;0.0;0.0;
1713954393.178619;0;0.00;2.1;0.0;0.0;
1713954393.1946187;0;4.00;2.3;0.0;0.0;
1713954393.2096198;0;4.30;2.4;0.0;0.0;
1713954393.226623;0;6.50;2.6;0.0;0.0;
1713954393.2421305;0;0.00;2.8;0.0;0.0;
1713954393.2577734;0;2.80;3.0;0.0;0.0;
1713954393.2741535;0;7.70;3.1;0.0;0.0;
1713954393.2891526;0;2.70;3.2;0.0;0.0;
1713954393.306154;0;4.20;3.3;0.0;0.0;
1713954393.3311558;0;0.00;3.4;0.0;0.0;
1713954393.3371553;0;4.30;3.5;0.0;0.0;
1713954393.353397;0;0.00;3.7;0.0;0.0;
1713954393.3685148;0;0.00;3.7;0.0;0.0;
1713954393.3844154;0;0.00;3.7;0.0;0.0;
1713954393.4013271;0;0.00;3.7;0.0;0.0;
1713954393.4163258;0;0.00;3.7;0.0;0.0;
1713954393.4324186;0;0.00;3.7;0.0;0.0;
1713954393.4478703;0;0.00;3.7;0.0;0.0;
1713954393.4648762;0;0.00;3.7;0.0;0.0;
1713954393.4799573;0;0.00;3.7;0.0;0.0;
1713954393.4953759;0;0.00;3.7;0.0;0.0;
1713954393.5113761;0;0.00;3.6;0.0;0.0;
1713954393.5327477;0;5.00;3.3;0.0;0.0;
1713954393.5432527;0;4.20;3.1;0.0;0.0;
1713954393.5592518;0;2.50;2.9;0.0;0.0;
1713954393.5742514;0;4.80;2.7;0.0;0.0;
1713954393.5912535;0;3.80;2.5;0.0;0.0;
1713954393.6072526;0;4.20;2.3;0.0;0.0;
1713954393.6232517;0;4.30;2.0;0.0;0.0;
1713954393.6382544;0;0.00;2.0;0.0;0.1;
1713954393.6537201;0;0.00;2.0;0.0;0.2;
1713954393.6697197;0;0.00;2.0;0.0;0.3;
1713954393.6857193;0;0.00;2.0;0.0;0.4;
1713954393.7027194;0;0.00;2.0;0.0;0.6;
1713954393.7177196;0;4.20;2.0;0.0;0.7;
1713954393.7337222;0;4.30;2.0;26.0;0.8;
1713954393.7492266;0;4.20;2.0;26.0;0.9;
1713954393.7648072;0.0;2.60;2.0;26.0;0.9;Image Captioning
1713954393.7818067;0.0;0.00;2.1;26.0;0.9;Image Captioning
1713954393.7967365;0.0;0.00;2.1;26.0;0.9;Image Captioning
1713954393.8137367;0.0;0.00;2.1;26.0;0.9;Image Captioning
1713954393.8287401;0.0;0.00;2.1;26.0;0.9;Image Captioning
1713954393.8452468;0.0;0.00;2.2;26.0;0.9;Image Captioning
1713954393.8612468;0.0;0.00;2.2;26.0;0.9;Image Captioning
1713954393.8762465;0.0;0.00;2.3;26.0;0.9;Image Captioning
1713954393.8922462;0.0;0.00;2.3;26.0;0.9;Image Captioning
1713954393.9082468;0.0;0.00;2.3;26.0;0.9;Image Captioning
1713954393.9302497;0.0;0.00;2.3;30.0;0.9;Image Captioning
1713954393.9407573;0.0;0.00;2.3;30.0;0.9;Image Captioning
1713954393.9557571;0.0;0.00;2.3;30.0;0.9;Image Captioning
1713954393.9717574;0.0;0.00;2.3;30.0;0.9;Image Captioning
1713954393.987757;0.0;0.00;2.3;30.0;0.9;Image Captioning
1713954394.003757;0.0;0.00;2.3;30.0;0.9;Image Captioning
1713954394.0197573;0.0;0.00;2.3;30.0;0.9;Image Captioning
1713954394.0357604;0.0;0.00;2.3;30.0;0.9;Image Captioning
1713954394.1062677;2.816622919692911;1.40;2.3;30.0;0.9;Image Captioning
1713954394.1162684;2.816622919692911;0.00;2.3;30.0;0.9;Image Captioning
1713954394.1312706;2.816622919692911;3.10;2.3;28.0;0.9;Image Captioning
1713954394.1467793;2.816622919692911;4.00;2.3;28.0;0.9;Image Captioning
1713954394.1637795;2.816622919692911;0.00;2.3;28.0;0.9;Image Captioning
1713954394.1787794;2.816622919692911;0.00;2.3;28.0;0.9;Image Captioning
1713954394.1947792;2.816622919692911;0.00;2.3;28.0;0.9;Image Captioning
1713954394.2107794;2.816622919692911;0.00;2.3;28.0;0.9;Image Captioning
1713954394.2267823;2.816622919692911;0.00;2.3;28.0;0.9;Image Captioning
1713954394.2432885;2.816622919692911;0.00;2.3;28.0;0.9;Image Captioning
1713954394.2582886;2.816622919692911;0.00;2.3;28.0;0.9;Image Captioning
1713954394.2742884;2.816622919692911;0.00;2.3;28.0;0.9;Image Captioning
1713954394.2902887;2.816622919692911;0.00;2.3;28.0;0.9;Image Captioning
1713954394.3062885;2.816622919692911;0.00;2.3;28.0;0.9;Image Captioning
1713954394.3728018;3.7485474376352776;1.00;2.3;44.0;0.9;Image Captioning
1713954394.3858438;3.7485474376352776;0.00;2.3;44.0;0.9;Image Captioning
1713954394.4015667;3.7485474376352776;0.00;2.3;44.0;0.9;Image Captioning
1713954394.4160511;3.7485474376352776;0.00;2.3;44.0;0.9;Image Captioning
1713954394.4317422;3.7485474376352776;0.00;2.3;44.0;0.9;Image Captioning
1713954394.4473293;3.7485474376352776;0.00;2.3;44.0;0.9;Image Captioning
1713954394.4633331;3.7485474376352776;0.00;2.3;44.0;0.9;Image Captioning
1713954394.4783328;3.7485474376352776;0.00;2.3;44.0;0.9;Image Captioning
1713954394.4944627;3.7485474376352776;0.00;2.3;44.0;0.9;Image Captioning
1713954394.5094671;3.7485474376352776;5.00;2.3;44.0;0.9;Image Captioning
1713954394.52647;3.7485474376352776;0.00;2.3;31.0;0.9;Image Captioning
1713954394.5425267;3.7485474376352776;0.00;2.3;31.0;0.9;Image Captioning
1713954394.5575259;3.7485474376352776;4.30;2.3;31.0;0.9;Image Captioning
1713954394.5735252;3.7485474376352776;3.00;2.3;31.0;0.9;Image Captioning
1713954394.6375277;3.799309817364416;2.30;2.3;31.0;0.9;Image Captioning
1713954394.6526887;3.799309817364416;0.00;2.3;31.0;0.9;Image Captioning
1713954394.6686883;3.799309817364416;0.00;2.3;31.0;0.9;Image Captioning
1713954394.6856894;3.799309817364416;0.00;2.3;31.0;0.9;Image Captioning
1713954394.7016895;3.799309817364416;0.00;2.3;31.0;0.9;Image Captioning
1713954394.71669;3.799309817364416;0.00;2.3;31.0;0.9;Image Captioning
1713954394.7336926;3.799309817364416;7.10;2.3;33.0;0.9;Image Captioning
1713954394.7492006;3.799309817364416;4.30;2.3;33.0;0.9;Image Captioning
1713954394.7651997;3.799309817364416;5.00;2.3;33.0;0.9;Image Captioning
1713954394.7811997;3.799309817364416;0.00;2.3;33.0;0.9;Image Captioning
1713954394.7961998;3.799309817364416;0.00;2.3;33.0;0.9;Image Captioning
1713954394.8121996;3.799309817364416;3.80;2.3;33.0;0.9;Image Captioning
1713954394.8282034;3.799309817364416;0.00;2.3;33.0;0.9;Image Captioning
1713954394.8447087;3.799309817364416;0.00;2.3;33.0;0.9;Image Captioning
1713954394.9047637;3.7443591227202333;3.30;2.3;33.0;0.9;Image Captioning
1713954394.9247117;3.7443591227202333;0.00;2.3;26.0;0.9;Image Captioning
1713954394.9407554;3.7443591227202333;0.00;2.3;26.0;0.9;Image Captioning
1713954394.9547548;3.7443591227202333;0.00;2.3;26.0;0.9;Image Captioning
1713954394.970756;3.7443591227202333;0.00;2.3;26.0;0.9;Image Captioning
1713954394.9867556;3.7443591227202333;4.20;2.3;26.0;0.9;Image Captioning
1713954395.0037556;3.7443591227202333;4.00;2.3;26.0;0.9;Image Captioning
1713954395.0197551;3.7443591227202333;4.20;2.3;26.0;0.9;Image Captioning
1713954395.0347593;3.7443591227202333;0.00;2.3;26.0;0.9;Image Captioning
1713954395.050267;3.7443591227202333;33.30;2.3;26.0;0.9;Image Captioning
1713954395.0752656;3.7443591227202333;4.10;2.3;26.0;0.9;Image Captioning
1713954395.0822668;3.7443591227202333;0.00;2.3;26.0;0.9;Image Captioning
1713954395.098266;3.7443591227202333;4.70;2.3;26.0;0.9;Image Captioning
1713954395.1142666;3.7443591227202333;4.20;2.3;26.0;0.9;Image Captioning
1713954395.168836;3.7980500811411937;6.40;2.3;39.0;0.9;Image Captioning
1713954395.1777973;3.7980500811411937;0.00;2.3;39.0;0.9;Image Captioning
1713954395.193797;3.7980500811411937;0.00;2.3;39.0;0.9;Image Captioning
1713954395.2097974;3.7980500811411937;4.00;2.3;39.0;0.9;Image Captioning
1713954395.2258;3.7980500811411937;0.00;2.3;39.0;0.9;Image Captioning
1713954395.2423058;3.7980500811411937;0.00;2.3;39.0;0.9;Image Captioning
1713954395.2573056;3.7980500811411937;0.00;2.3;39.0;0.9;Image Captioning
1713954395.2733057;3.7980500811411937;0.00;2.3;39.0;0.9;Image Captioning
1713954395.2893057;3.7980500811411937;0.00;2.3;39.0;0.9;Image Captioning
1713954395.3053055;3.7980500811411937;0.00;2.3;39.0;0.9;Image Captioning
1713954395.3243082;3.7980500811411937;0.00;2.3;32.0;0.9;Image Captioning
1713954395.3373082;3.7980500811411937;0.00;2.3;32.0;0.9;Image Captioning
1713954395.3528128;3.7980500811411937;0.00;2.3;32.0;0.9;Image Captioning
1713954395.3688128;3.7980500811411937;0.00;2.3;32.0;0.9;Image Captioning
1713954395.384813;3.7980500811411937;0.00;2.3;32.0;0.9;Image Captioning
1713954395.445367;3.6181649247592067;1.10;2.3;32.0;0.9;Image Captioning
1713954395.4653218;3.6181649247592067;0.00;2.3;32.0;0.9;Image Captioning
1713954395.481322;3.6181649247592067;0.00;2.3;32.0;0.9;Image Captioning
1713954395.4963217;3.6181649247592067;4.20;2.3;32.0;0.9;Image Captioning
1713954395.5123217;3.6181649247592067;4.00;2.3;32.0;0.9;Image Captioning
1713954395.5283234;3.6181649247592067;0.00;2.3;31.0;0.9;Image Captioning
1713954395.544828;3.6181649247592067;0.00;2.3;31.0;0.9;Image Captioning
1713954395.5608284;3.6181649247592067;0.00;2.3;31.0;0.9;Image Captioning
1713954395.575828;3.6181649247592067;0.00;2.3;31.0;0.9;Image Captioning
1713954395.5918288;3.6181649247592067;4.00;2.3;31.0;0.9;Image Captioning
1713954395.607828;3.6181649247592067;0.00;2.3;31.0;0.9;Image Captioning
1713954395.623828;3.6181649247592067;0.00;2.3;31.0;0.9;Image Captioning
1713954395.6403363;3.6181649247592067;0.00;2.3;31.0;0.9;Image Captioning
1713954395.7005982;3.9190604283928785;1.10;2.3;31.0;0.9;Image Captioning
1713954395.7195983;3.9190604283928785;0.00;2.3;31.0;0.9;Image Captioning
1713954395.7346008;3.9190604283928785;5.00;2.3;30.0;0.9;Image Captioning
1713954395.7501068;3.9190604283928785;4.20;2.3;30.0;0.9;Image Captioning
1713954395.766106;3.9190604283928785;0.00;2.3;30.0;0.9;Image Captioning
1713954395.7831059;3.9190604283928785;0.00;2.3;30.0;0.9;Image Captioning
1713954395.798106;3.9190604283928785;0.00;2.3;30.0;0.9;Image Captioning
1713954395.8141067;3.9190604283928785;4.00;2.3;30.0;0.9;Image Captioning
1713954395.8301528;3.9190604283928785;4.20;2.3;30.0;0.9;Image Captioning
1713954395.8461199;3.9190604283928785;4.50;2.3;30.0;0.9;Image Captioning
1713954395.8631198;3.9190604283928785;0.00;2.3;30.0;0.9;Image Captioning
1713954395.8781192;3.9190604283928785;0.00;2.3;30.0;0.9;Image Captioning
1713954395.8941197;3.9190604283928785;0.00;2.3;30.0;0.9;Image Captioning
1713954395.9101202;3.9190604283928785;0.00;2.3;30.0;0.9;Image Captioning
1713954395.9780986;3.610106999927172;3.70;2.3;36.0;0.9;Image Captioning
1713954395.9900582;3.610106999927172;0.00;2.3;36.0;0.9;Image Captioning
1713954396.0060098;3.610106999927172;0.00;2.3;36.0;0.9;Image Captioning
1713954396.0220087;3.610106999927172;0.00;2.3;36.0;0.9;Image Captioning
1713954396.0370111;3.610106999927172;0.00;2.3;36.0;0.9;Image Captioning
1713954396.05304;3.610106999927172;0.00;2.3;36.0;0.9;Image Captioning
1713954396.06904;3.610106999927172;0.00;2.3;36.0;0.9;Image Captioning
1713954396.0850391;3.610106999927172;1.50;2.3;36.0;0.9;Image Captioning
1713954396.1020403;3.610106999927172;4.80;2.3;36.0;0.9;Image Captioning
1713954396.11704;3.610106999927172;3.70;2.3;36.0;0.9;Image Captioning
1713954396.133043;3.610106999927172;0.00;2.3;32.0;0.9;Image Captioning
1713954396.149072;3.610106999927172;0.00;2.3;32.0;0.9;Image Captioning
1713954396.165072;3.610106999927172;0.00;2.3;32.0;0.9;Image Captioning
1713954396.1820734;3.610106999927172;16.70;2.3;32.0;0.9;Image Captioning
1713954396.2350762;3.610106999927172;3.30;2.3;32.0;0.9;Image Captioning
1713954396.2453887;3.851646887043531;0.00;2.3;32.0;0.9;Image Captioning
1713954396.260389;3.851646887043531;0.00;2.3;32.0;0.9;Image Captioning
1713954396.2753887;3.851646887043531;10.70;2.3;32.0;0.9;Image Captioning
1713954396.2913883;3.851646887043531;6.10;2.3;32.0;0.9;Image Captioning
1713954396.3073883;3.851646887043531;0.00;2.3;32.0;0.9;Image Captioning
1713954396.3293905;3.851646887043531;0.00;2.3;34.0;0.9;Image Captioning
1713954396.3393903;3.851646887043531;0.00;2.3;34.0;0.9;Image Captioning
1713954396.3546655;3.851646887043531;0.00;2.3;34.0;0.9;Image Captioning
1713954396.3706656;3.851646887043531;8.70;2.3;34.0;0.9;Image Captioning
1713954396.386666;3.851646887043531;7.10;2.3;34.0;0.9;Image Captioning
1713954396.4036665;3.851646887043531;7.70;2.3;34.0;0.9;Image Captioning
1713954396.4196663;3.851646887043531;0.00;2.3;34.0;0.9;Image Captioning
1713954396.4346688;3.851646887043531;0.00;2.3;34.0;0.9;Image Captioning
1713954396.492175;3.9077550963009933;1.30;2.3;34.0;0.9;Image Captioning
1713954396.4981754;3.9077550963009933;10.00;2.3;34.0;0.9;Image Captioning
1713954396.514274;3.9077550963009933;4.00;2.3;34.0;0.9;Image Captioning
1713954396.529323;3.9077550963009933;2.90;2.3;33.0;0.9;Image Captioning
1713954396.545002;3.9077550963009933;10.00;2.3;33.0;0.9;Image Captioning
1713954396.5607412;3.9077550963009933;5.00;2.3;33.0;0.9;Image Captioning
1713954396.5753117;3.9077550963009933;33.30;2.3;33.0;0.9;Image Captioning
1713954396.590314;3.9077550963009933;0.00;2.3;33.0;0.9;Image Captioning
1713954396.6063147;3.9077550963009933;11.80;2.3;33.0;0.9;Image Captioning
1713954396.6223147;3.9077550963009933;3.80;2.3;33.0;0.9;Image Captioning
1713954396.6383176;3.9077550963009933;4.50;2.3;33.0;0.9;Image Captioning
1713954396.6538224;3.9077550963009933;0.00;2.3;33.0;0.9;Image Captioning
1713954396.669823;3.9077550963009933;8.70;2.3;33.0;0.9;Image Captioning
1713954396.6858227;3.9077550963009933;8.30;2.3;33.0;0.9;Image Captioning
1713954396.7028234;3.9077550963009933;8.30;2.3;33.0;0.9;Image Captioning
1713954396.7178233;3.9077550963009933;8.00;2.3;33.0;0.9;Image Captioning
1713954396.7770696;3.536066641924118;1.10;2.3;36.0;0.9;Image Captioning
1713954396.7960694;3.536066641924118;2.70;2.3;36.0;0.9;Image Captioning
1713954396.81207;3.536066641924118;6.70;2.3;36.0;0.9;Image Captioning
1713954396.8280716;3.536066641924118;3.40;2.3;36.0;0.9;Image Captioning
1713954396.8450825;3.536066641924118;9.10;2.3;36.0;0.9;Image Captioning
1713954396.8610828;3.536066641924118;8.30;2.3;36.0;0.9;Image Captioning
1713954396.8760827;3.536066641924118;0.00;2.3;36.0;0.9;Image Captioning
1713954396.892082;3.536066641924118;8.70;2.3;36.0;0.9;Image Captioning
1713954396.908082;3.536066641924118;0.00;2.3;36.0;0.9;Image Captioning
1713954396.9250827;3.536066641924118;3.10;2.3;33.0;0.9;Image Captioning
1713954396.940588;3.536066641924118;8.30;2.3;33.0;0.9;Image Captioning
1713954396.9555914;3.536066641924118;4.00;2.3;33.0;0.9;Image Captioning
1713954396.971591;3.536066641924118;4.30;2.3;33.0;0.9;Image Captioning
1713954396.987591;3.536066641924118;7.70;2.3;33.0;0.9;Image Captioning
1713954397.0510988;3.635393316836885;3.10;2.3;33.0;0.9;Image Captioning
1713954397.0674906;3.635393316836885;2.60;2.3;33.0;0.9;Image Captioning
1713954397.08349;3.635393316836885;20.00;2.3;33.0;0.9;Image Captioning
1713954397.0994892;3.635393316836885;0.00;2.3;33.0;0.9;Image Captioning
1713954397.114489;3.635393316836885;0.00;2.3;33.0;0.9;Image Captioning
1713954397.1314187;3.635393316836885;4.00;2.3;33.0;0.9;Image Captioning
1713954397.1459246;3.635393316836885;4.20;2.3;33.0;0.9;Image Captioning
1713954397.161925;3.635393316836885;2.90;2.3;33.0;0.9;Image Captioning
1713954397.1779249;3.635393316836885;0.00;2.3;33.0;0.9;Image Captioning
1713954397.1939259;3.635393316836885;4.00;2.3;33.0;0.9;Image Captioning
1713954397.2099254;3.635393316836885;0.00;2.3;33.0;0.9;Image Captioning
1713954397.2259288;3.635393316836885;3.30;2.3;33.0;0.9;Image Captioning
1713954397.2424366;3.635393316836885;4.50;2.3;33.0;0.9;Image Captioning
1713954397.2574353;3.635393316836885;0.00;2.3;33.0;0.9;Image Captioning
1713954397.3164358;3.774859811117248;2.50;2.3;33.0;0.9;Image Captioning
1713954397.3314385;3.774859811117248;0.00;2.3;28.0;0.9;Image Captioning
1713954397.3374388;3.774859811117248;0.00;2.3;28.0;0.9;Image Captioning
1713954397.353946;3.774859811117248;0.00;2.3;28.0;0.9;Image Captioning
1713954397.3689463;3.774859811117248;3.60;2.3;28.0;0.9;Image Captioning
1713954397.3849444;3.774859811117248;0.00;2.3;28.0;0.9;Image Captioning
1713954397.4019456;3.774859811117248;3.80;2.3;28.0;0.9;Image Captioning
1713954397.4169447;3.774859811117248;8.30;2.3;28.0;0.9;Image Captioning
1713954397.4329479;3.774859811117248;0.00;2.3;28.0;0.9;Image Captioning
1713954397.4482641;3.774859811117248;0.00;2.3;28.0;0.9;Image Captioning
1713954397.4642642;3.774859811117248;0.00;2.3;28.0;0.9;Image Captioning
1713954397.4802642;3.774859811117248;0.00;2.3;28.0;0.9;Image Captioning
1713954397.4962647;3.774859811117248;4.00;2.3;28.0;0.9;Image Captioning
1713954397.512265;3.774859811117248;3.20;2.3;28.0;0.9;Image Captioning
1713954397.5292683;3.774859811117248;4.00;2.3;42.0;0.9;Image Captioning
1713954397.5910172;3.665386835725517;2.30;2.3;42.0;0.9;Image Captioning
1713954397.6069736;3.665386835725517;0.00;2.3;42.0;0.9;Image Captioning
1713954397.6239738;3.665386835725517;0.00;2.3;42.0;0.9;Image Captioning
1713954397.638976;3.665386835725517;0.00;2.3;42.0;0.9;Image Captioning
1713954397.6544802;3.665386835725517;0.00;2.3;42.0;0.9;Image Captioning
1713954397.67048;3.665386835725517;0.00;2.3;42.0;0.9;Image Captioning
1713954397.68648;3.665386835725517;0.00;2.3;42.0;0.9;Image Captioning
1713954397.7034802;3.665386835725517;0.00;2.3;42.0;0.9;Image Captioning
1713954397.7194803;3.665386835725517;0.00;2.3;42.0;0.9;Image Captioning
1713954397.7344823;3.665386835725517;0.00;2.3;32.0;0.9;Image Captioning
1713954397.7499876;3.665386835725517;0.00;2.3;32.0;0.9;Image Captioning
1713954397.7659879;3.665386835725517;0.00;2.3;32.0;0.9;Image Captioning
1713954397.7819877;3.665386835725517;0.00;2.3;32.0;0.9;Image Captioning
1713954397.797988;3.665386835725517;0.00;2.3;32.0;0.9;Image Captioning
1713954397.8624945;3.6774602573908024;1.10;2.3;32.0;0.9;Image Captioning
1713954397.8774946;3.6774602573908024;0.00;2.3;32.0;0.9;Image Captioning
1713954397.8944948;3.6774602573908024;0.00;2.3;32.0;0.9;Image Captioning
1713954397.9094946;3.6774602573908024;0.00;2.3;32.0;0.9;Image Captioning
1713954397.9254944;3.6774602573908024;0.00;2.3;32.0;0.9;Image Captioning
1713954397.9420018;3.6774602573908024;0.00;2.3;32.0;0.9;Image Captioning
1713954397.9570017;3.6774602573908024;0.00;2.3;32.0;0.9;Image Captioning
1713954397.9730017;3.6774602573908024;0.00;2.3;32.0;0.9;Image Captioning
1713954397.9890018;3.6774602573908024;0.00;2.3;32.0;0.9;Image Captioning
1713954398.0050018;3.6774602573908024;0.00;2.3;32.0;0.9;Image Captioning
1713954398.022002;3.6774602573908024;0.00;2.3;32.0;0.9;Image Captioning
1713954398.0370038;3.6774602573908024;0.00;2.3;32.0;0.9;Image Captioning
1713954398.052508;3.6774602573908024;0.00;2.3;32.0;0.9;Image Captioning
1713954398.0685081;3.6774602573908024;0.00;2.3;32.0;0.9;Image Captioning
1713954398.1295104;3.7314365696490723;0.00;2.3;29.0;0.9;Image Captioning
1713954398.1490152;3.7314365696490723;0.00;2.3;29.0;0.9;Image Captioning
1713954398.1650152;3.7314365696490723;0.00;2.3;29.0;0.9;Image Captioning
1713954398.1810155;3.7314365696490723;0.00;2.3;29.0;0.9;Image Captioning
1713954398.1960151;3.7314365696490723;0.00;2.3;29.0;0.9;Image Captioning
1713954398.2130153;3.7314365696490723;0.00;2.3;29.0;0.9;Image Captioning
1713954398.228017;3.7314365696490723;0.00;2.3;29.0;0.9;Image Captioning
1713954398.2445211;3.7314365696490723;0.00;2.3;29.0;0.9;Image Captioning
1713954398.2605212;3.7314365696490723;0.00;2.3;29.0;0.9;Image Captioning
1713954398.2755213;3.7314365696490723;0.00;2.3;29.0;0.9;Image Captioning
1713954398.2915213;3.7314365696490723;0.00;2.3;29.0;0.9;Image Captioning
1713954398.3075213;3.7314365696490723;0.00;2.3;29.0;0.9;Image Captioning
1713954398.3235214;3.7314365696490723;0.00;2.3;38.0;0.9;Image Captioning
1713954398.3405232;3.7314365696490723;0.00;2.3;38.0;0.9;Image Captioning
1713954398.3550282;3.7314365696490723;0.00;2.3;38.0;0.9;Image Captioning
1713954398.4140286;3.5207337773296605;2.20;2.3;38.0;0.9;Image Captioning
1713954398.4190283;3.5207337773296605;0.00;2.3;38.0;0.9;Image Captioning
1713954398.4350302;3.5207337773296605;0.00;2.3;38.0;0.9;Image Captioning
1713954398.4505343;3.5207337773296605;0.00;2.3;38.0;0.9;Image Captioning
1713954398.4665341;3.5207337773296605;0.00;2.3;38.0;0.9;Image Captioning
1713954398.4835343;3.5207337773296605;0.00;2.3;38.0;0.9;Image Captioning
1713954398.4995344;3.5207337773296605;0.00;2.3;38.0;0.9;Image Captioning
1713954398.5155344;3.5207337773296605;0.00;2.3;38.0;0.9;Image Captioning
1713954398.5316768;3.5207337773296605;4.00;2.3;30.0;0.9;Image Captioning
1713954398.546265;3.5207337773296605;0.00;2.3;30.0;0.9;Image Captioning
1713954398.5632262;3.5207337773296605;0.00;2.3;30.0;0.9;Image Captioning
1713954398.579226;3.5207337773296605;0.00;2.3;30.0;0.9;Image Captioning
1713954398.594226;3.5207337773296605;0.00;2.3;30.0;0.9;Image Captioning
1713954398.6102266;3.5207337773296605;6.70;2.3;30.0;0.9;Image Captioning
1713954398.6260767;3.5207337773296605;9.50;2.3;30.0;0.9;Image Captioning
1713954398.6913362;3.614755286528466;3.90;2.3;30.0;0.9;Image Captioning
1713954398.7033362;3.614755286528466;0.00;2.3;30.0;0.9;Image Captioning
1713954398.7183356;3.614755286528466;0.00;2.3;30.0;0.9;Image Captioning
1713954398.7343392;3.614755286528466;0.00;2.3;48.0;0.9;Image Captioning
1713954398.7498448;3.614755286528466;0.00;2.3;48.0;0.9;Image Captioning
1713954398.7650657;3.614755286528466;4.30;2.3;48.0;0.9;Image Captioning
1713954398.7800643;3.614755286528466;0.00;2.3;48.0;0.9;Image Captioning
1713954398.7960649;3.614755286528466;0.00;2.3;48.0;0.9;Image Captioning
1713954398.8110642;3.614755286528466;0.00;2.3;48.0;0.9;Image Captioning
1713954398.8270664;3.614755286528466;4.30;2.3;48.0;0.9;Image Captioning
1713954398.843426;3.614755286528466;4.00;2.3;48.0;0.9;Image Captioning
1713954398.8594258;3.614755286528466;3.80;2.3;48.0;0.9;Image Captioning
1713954398.8744268;3.614755286528466;0.00;2.3;48.0;0.9;Image Captioning
1713954398.8904264;3.614755286528466;4.30;2.3;48.0;0.9;Image Captioning
1713954398.9064262;3.614755286528466;0.00;2.3;48.0;0.9;Image Captioning
1713954398.9669368;3.655020188291273;3.80;2.3;66.0;0.9;Image Captioning
1713954398.9869366;3.655020188291273;0.00;2.3;66.0;0.9;Image Captioning
1713954399.0029376;3.655020188291273;5.60;2.3;66.0;0.9;Image Captioning
1713954399.0189385;3.655020188291273;0.00;2.3;66.0;0.9;Image Captioning
1713954399.0339394;3.655020188291273;0.00;2.3;66.0;0.9;Image Captioning
1713954399.0494466;3.655020188291273;4.00;2.3;66.0;0.9;Image Captioning
1713954399.0654461;3.655020188291273;0.00;2.3;66.0;0.9;Image Captioning
1713954399.0824468;3.655020188291273;3.30;2.3;66.0;0.9;Image Captioning
1713954399.0984466;3.655020188291273;0.00;2.3;66.0;0.9;Image Captioning
1713954399.1134462;3.655020188291273;3.80;2.3;66.0;0.9;Image Captioning
1713954399.1324503;3.655020188291273;7.70;2.3;46.0;0.9;Image Captioning
1713954399.144957;3.655020188291273;3.00;2.3;46.0;0.9;Image Captioning
1713954399.161959;3.655020188291273;4.00;2.3;46.0;0.9;Image Captioning
1713954399.1779592;3.655020188291273;4.30;2.3;46.0;0.9;Image Captioning
1713954399.2459464;3.5826075868360214;2.00;2.3;46.0;0.9;Image Captioning
1713954399.2689474;3.5826075868360214;2.90;2.3;46.0;0.9;Image Captioning
1713954399.2899468;3.5826075868360214;0.00;2.3;46.0;0.9;Image Captioning
1713954399.305947;3.5826075868360214;0.00;2.3;46.0;0.9;Image Captioning
1713954399.3319502;3.5826075868360214;0.00;2.3;46.0;0.9;Image Captioning
1713954399.3370376;3.5826075868360214;0.00;2.3;46.0;0.9;Image Captioning
1713954399.3526835;3.5826075868360214;0.00;2.3;46.0;0.9;Image Captioning
1713954399.36864;3.5826075868360214;0.00;2.3;46.0;0.9;Image Captioning
1713954399.38464;3.5826075868360214;0.00;2.3;46.0;0.9;Image Captioning
1713954399.40164;3.5826075868360214;0.00;2.3;46.0;0.9;Image Captioning
1713954399.4156399;3.5826075868360214;0.00;2.3;46.0;0.9;Image Captioning
1713954399.431642;3.5826075868360214;0.00;2.3;46.0;0.9;Image Captioning
1713954399.4471464;3.5826075868360214;0.00;2.3;46.0;0.9;Image Captioning
1713954399.4631464;3.5826075868360214;0.00;2.3;46.0;0.9;Image Captioning
1713954399.4801466;3.5826075868360214;0.00;2.3;46.0;0.9;Image Captioning
1713954399.4951465;3.5826075868360214;0.00;2.3;46.0;0.9;Image Captioning
1713954399.55225;3.250215570604736;2.50;2.3;18.0;0.9;Image Captioning
1713954399.5602493;3.250215570604736;0.00;2.3;18.0;0.9;Image Captioning
1713954399.5752494;3.250215570604736;0.00;2.3;18.0;0.9;Image Captioning
1713954399.5912492;3.250215570604736;0.00;2.3;18.0;0.9;Image Captioning
1713954399.6072495;3.250215570604736;0.00;2.3;18.0;0.9;Image Captioning
1713954399.6222494;3.250215570604736;0.00;2.3;18.0;0.9;Image Captioning
1713954399.6392517;3.250215570604736;0.00;2.3;18.0;0.9;Image Captioning
1713954399.6537569;3.250215570604736;0.00;2.3;18.0;0.9;Image Captioning
1713954399.669757;3.250215570604736;0.00;2.3;18.0;0.9;Image Captioning
1713954399.6857567;3.250215570604736;0.00;2.3;18.0;0.9;Image Captioning
1713954399.701757;3.250215570604736;0.00;2.3;18.0;0.9;Image Captioning
1713954399.7187572;3.250215570604736;0.00;2.3;19.0;0.9;Image Captioning
1713954399.733759;3.250215570604736;0.00;2.3;19.0;0.9;Image Captioning
1713954399.7492633;3.250215570604736;0.00;2.3;19.0;0.9;Image Captioning
1713954399.7652633;3.250215570604736;0.00;2.3;19.0;0.9;Image Captioning
1713954399.8292658;3.643187658033149;1.20;2.3;19.0;0.9;Image Captioning
1713954399.846432;3.643187658033149;0.00;2.3;19.0;0.9;Image Captioning
1713954399.861432;3.643187658033149;0.00;2.3;19.0;0.9;Image Captioning
1713954399.8764317;3.643187658033149;0.00;2.3;19.0;0.9;Image Captioning
1713954399.8924315;3.643187658033149;0.00;2.3;19.0;0.9;Image Captioning
1713954399.9074316;3.643187658033149;0.00;2.3;19.0;0.9;Image Captioning
1713954399.922642;3.643187658033149;0.00;2.3;17.0;0.9;Image Captioning
1713954399.9396465;3.643187658033149;0.00;2.3;17.0;0.9;Image Captioning
1713954399.9541516;3.643187658033149;0.00;2.3;17.0;0.9;Image Captioning
1713954399.969151;3.643187658033149;0.00;2.3;17.0;0.9;Image Captioning
1713954399.985151;3.643187658033149;0.00;2.3;17.0;0.9;Image Captioning
1713954400.002152;3.643187658033149;4.00;2.3;17.0;0.9;Image Captioning
1713954400.017152;3.643187658033149;0.00;2.3;17.0;0.9;Image Captioning
1713954400.0331547;3.643187658033149;4.80;2.3;17.0;0.9;Image Captioning
1713954400.0996625;3.672140972097868;2.40;2.3;17.0;0.9;Image Captioning
1713954400.112175;3.672140972097868;8.30;2.3;17.0;0.9;Image Captioning
1713954400.1271787;3.672140972097868;4.30;2.3;16.0;0.9;Image Captioning
1713954400.1426857;3.672140972097868;4.20;2.3;16.0;0.9;Image Captioning
1713954400.1596854;3.672140972097868;0.00;2.3;16.0;0.9;Image Captioning
1713954400.1746852;3.672140972097868;4.00;2.3;16.0;0.9;Image Captioning
1713954400.1906853;3.672140972097868;0.00;2.3;16.0;0.9;Image Captioning
1713954400.2066848;3.672140972097868;0.00;2.3;16.0;0.9;Image Captioning
1713954400.2226849;3.672140972097868;0.00;2.3;16.0;0.9;Image Captioning
1713954400.239689;3.672140972097868;2.60;2.3;16.0;0.9;Image Captioning
1713954400.254194;3.672140972097868;0.00;2.3;16.0;0.9;Image Captioning
1713954400.2711945;3.672140972097868;0.00;2.3;16.0;0.9;Image Captioning
1713954400.2861938;3.672140972097868;0.00;2.3;16.0;0.9;Image Captioning
1713954400.3021953;3.672140972097868;0.00;2.3;16.0;0.9;Image Captioning
1713954400.3699613;3.728121518878679;1.00;2.3;20.0;0.9;Image Captioning
1713954400.3817747;3.728121518878679;0.00;2.3;20.0;0.9;Image Captioning
1713954400.3997242;3.728121518878679;5.30;2.3;20.0;0.9;Image Captioning
1713954400.4137242;3.728121518878679;4.20;2.3;20.0;0.9;Image Captioning
1713954400.429727;3.728121518878679;0.00;2.3;20.0;0.9;Image Captioning
1713954400.445233;3.728121518878679;0.00;2.3;20.0;0.9;Image Captioning
1713954400.4612331;3.728121518878679;0.00;2.3;20.0;0.9;Image Captioning
1713954400.4762332;3.728121518878679;0.00;2.3;20.0;0.9;Image Captioning
1713954400.4922345;3.728121518878679;3.80;2.3;20.0;0.9;Image Captioning
1713954400.5082333;3.728121518878679;0.00;2.3;20.0;0.9;Image Captioning
1713954400.524233;3.728121518878679;0.00;2.3;15.0;0.9;Image Captioning
1713954400.5402365;3.728121518878679;0.00;2.3;15.0;0.9;Image Captioning
1713954400.5552497;3.728121518878679;0.00;2.3;15.0;0.9;Image Captioning
1713954400.5712502;3.728121518878679;4.20;2.3;15.0;0.9;Image Captioning
1713954400.5872498;3.728121518878679;0.00;2.3;15.0;0.9;Image Captioning
1713954400.6032495;3.728121518878679;0.00;2.3;15.0;0.9;Image Captioning
1713954400.6627579;3.4156085111694305;1.10;2.3;15.0;0.9;Image Captioning
1713954400.6817582;3.4156085111694305;2.60;2.3;15.0;0.9;Image Captioning
1713954400.700759;3.4156085111694305;5.60;2.3;15.0;0.9;Image Captioning
1713954400.7147586;3.4156085111694305;2.70;2.3;15.0;0.9;Image Captioning
1713954400.7297692;3.4156085111694305;6.20;2.3;16.0;0.9;Image Captioning
1713954400.7457604;3.4156085111694305;0.00;2.3;16.0;0.9;Image Captioning
1713954400.761783;3.4156085111694305;0.00;2.3;16.0;0.9;Image Captioning
1713954400.7758698;3.4156085111694305;0.00;2.3;16.0;0.9;Image Captioning
1713954400.791722;3.4156085111694305;0.00;2.3;16.0;0.9;Image Captioning
1713954400.8078113;3.4156085111694305;2.30;2.3;16.0;0.9;Image Captioning
1713954400.8228142;3.4156085111694305;0.00;2.3;16.0;0.9;Image Captioning
1713954400.8398168;3.4156085111694305;0.00;2.3;16.0;0.9;Image Captioning
1713954400.8543224;3.4156085111694305;0.00;2.3;16.0;0.9;Image Captioning
1713954400.9220479;3.861998437332491;3.00;2.3;16.0;0.9;Image Captioning
1713954400.934051;3.861998437332491;4.00;2.3;16.0;0.9;Image Captioning
1713954400.9505582;3.861998437332491;5.60;2.3;16.0;0.9;Image Captioning
1713954400.965559;3.861998437332491;4.20;2.3;16.0;0.9;Image Captioning
1713954400.981559;3.861998437332491;0.00;2.3;16.0;0.9;Image Captioning
1713954400.9985585;3.861998437332491;0.00;2.3;16.0;0.9;Image Captioning
1713954401.013558;3.861998437332491;0.00;2.3;16.0;0.9;Image Captioning
1713954401.0295625;3.861998437332491;0.00;2.3;16.0;0.9;Image Captioning
1713954401.045592;3.861998437332491;0.00;2.3;16.0;0.9;Image Captioning
1713954401.061593;3.861998437332491;0.00;2.3;16.0;0.9;Image Captioning
1713954401.078593;3.861998437332491;4.20;2.3;16.0;0.9;Image Captioning
1713954401.0935924;3.861998437332491;3.80;2.3;16.0;0.9;Image Captioning
1713954401.1095927;3.861998437332491;0.00;2.3;16.0;0.9;Image Captioning
1713954401.1275947;3.861998437332491;0.00;2.3;23.0;0.9;Image Captioning
1713954401.1836581;3.8243681857682392;1.40;2.3;23.0;0.9;Image Captioning
1713954401.190659;3.8243681857682392;0.00;2.3;23.0;0.9;Image Captioning
1713954401.2056594;3.8243681857682392;0.00;2.3;23.0;0.9;Image Captioning
1713954401.2216592;3.8243681857682392;0.00;2.3;23.0;0.9;Image Captioning
1713954401.2356627;3.8243681857682392;4.00;2.3;23.0;0.9;Image Captioning
1713954401.2511692;3.8243681857682392;4.50;2.3;23.0;0.9;Image Captioning
1713954401.2671695;3.8243681857682392;4.30;2.3;23.0;0.9;Image Captioning
1713954401.2831693;3.8243681857682392;4.30;2.3;23.0;0.9;Image Captioning
1713954401.30017;3.8243681857682392;3.00;2.3;23.0;0.9;Image Captioning
1713954401.3151696;3.8243681857682392;0.00;2.3;23.0;0.9;Image Captioning
1713954401.3311732;3.8243681857682392;0.00;2.3;23.0;0.9;Image Captioning
1713954401.3466809;3.8243681857682392;0.00;2.3;23.0;0.9;Image Captioning
1713954401.3626804;3.8243681857682392;3.20;2.3;23.0;0.9;Image Captioning
1713954401.3796804;3.8243681857682392;0.00;2.3;23.0;0.9;Image Captioning
1713954401.3946803;3.8243681857682392;0.00;2.3;23.0;0.9;Image Captioning
1713954401.4570816;3.6512141199113777;1.10;2.3;23.0;0.9;Image Captioning
1713954401.47508;3.6512141199113777;2.30;2.3;23.0;0.9;Image Captioning
1713954401.4900808;3.6512141199113777;33.30;2.3;23.0;0.9;Image Captioning
1713954401.5060806;3.6512141199113777;5.90;2.3;23.0;0.9;Image Captioning
1713954401.527082;3.6512141199113777;3.70;2.3;23.0;0.9;Image Captioning
1713954401.5390823;3.6512141199113777;8.00;2.3;23.0;0.9;Image Captioning
1713954401.5535872;3.6512141199113777;7.70;2.3;23.0;0.9;Image Captioning
1713954401.5697508;3.6512141199113777;7.70;2.3;23.0;0.9;Image Captioning
1713954401.5853515;3.6512141199113777;0.00;2.3;23.0;0.9;Image Captioning
1713954401.6013987;3.6512141199113777;0.00;2.3;23.0;0.9;Image Captioning
1713954401.6163545;3.6512141199113777;0.00;2.3;23.0;0.9;Image Captioning
1713954401.6323566;3.6512141199113777;0.00;2.3;23.0;0.9;Image Captioning
1713954401.6478615;3.6512141199113777;0.00;2.3;23.0;0.9;Image Captioning
1713954401.6638615;3.6512141199113777;0.00;2.3;23.0;0.9;Image Captioning
1713954401.6808617;3.6512141199113777;0.00;2.3;23.0;0.9;Image Captioning
1713954401.7318642;3.6346216612185636;2.60;2.3;21.0;0.9;Image Captioning
1713954401.7443738;3.6346216612185636;3.80;2.3;21.0;0.9;Image Captioning
1713954401.7603734;3.6346216612185636;0.00;2.3;21.0;0.9;Image Captioning
1713954401.7753727;3.6346216612185636;0.00;2.3;21.0;0.9;Image Captioning
1713954401.7913728;3.6346216612185636;0.00;2.3;21.0;0.9;Image Captioning
1713954401.8073738;3.6346216612185636;4.20;2.3;21.0;0.9;Image Captioning
1713954401.8233728;3.6346216612185636;0.00;2.3;21.0;0.9;Image Captioning
1713954401.8403757;3.6346216612185636;0.00;2.3;21.0;0.9;Image Captioning
1713954401.8548813;3.6346216612185636;4.50;2.3;21.0;0.9;Image Captioning
1713954401.8708804;3.6346216612185636;0.00;2.3;21.0;0.9;Image Captioning
1713954401.8868804;3.6346216612185636;0.00;2.3;21.0;0.9;Image Captioning
1713954401.9028807;3.6346216612185636;4.00;2.3;21.0;0.9;Image Captioning
1713954401.9278822;3.6346216612185636;0.00;2.3;30.0;0.9;Image Captioning
1713954401.9348826;3.6346216612185636;0.00;2.3;30.0;0.9;Image Captioning
1713954401.9993894;3.7603668613127192;3.20;2.3;30.0;0.9;Image Captioning
1713954402.01439;3.7603668613127192;2.90;2.3;30.0;0.9;Image Captioning
1713954402.0303926;3.7603668613127192;0.00;2.3;30.0;0.9;Image Captioning
1713954402.0459006;3.7603668613127192;3.70;2.3;30.0;0.9;Image Captioning
1713954402.0619004;3.7603668613127192;4.50;2.3;30.0;0.9;Image Captioning
1713954402.078901;3.7603668613127192;3.80;2.3;30.0;0.9;Image Captioning
1713954402.0938997;3.7603668613127192;0.00;2.3;30.0;0.9;Image Captioning
1713954402.1098998;3.7603668613127192;0.00;2.3;30.0;0.9;Image Captioning
1713954402.1279042;3.7603668613127192;0.00;2.3;26.0;0.9;Image Captioning
1713954402.1419032;3.7603668613127192;0.00;2.3;26.0;0.9;Image Captioning
1713954402.1580348;3.7603668613127192;0.00;2.3;26.0;0.9;Image Captioning
1713954402.1730347;3.7603668613127192;0.00;2.3;26.0;0.9;Image Captioning
1713954402.1890345;3.7603668613127192;4.00;2.3;26.0;0.9;Image Captioning
1713954402.2050354;3.7603668613127192;0.00;2.3;26.0;0.9;Image Captioning
1713954402.257405;3.8791911265881898;1.40;2.3;26.0;0.9;Image Captioning
1713954402.2682855;3.8791911265881898;4.20;2.3;26.0;0.9;Image Captioning
1713954402.2872896;3.8791911265881898;0.00;2.3;26.0;0.9;Image Captioning
1713954402.301245;3.8791911265881898;4.00;2.3;26.0;0.9;Image Captioning
1713954402.3162441;3.8791911265881898;0.00;2.3;26.0;0.9;Image Captioning
1713954402.332246;3.8791911265881898;0.00;2.3;26.0;0.9;Image Captioning
1713954402.3487527;3.8791911265881898;0.00;2.3;26.0;0.9;Image Captioning
1713954402.3637514;3.8791911265881898;0.00;2.3;26.0;0.9;Image Captioning
1713954402.3807523;3.8791911265881898;4.80;2.3;26.0;0.9;Image Captioning
1713954402.3957515;3.8791911265881898;0.00;2.3;26.0;0.9;Image Captioning
1713954402.4117525;3.8791911265881898;0.00;2.3;26.0;0.9;Image Captioning
1713954402.4277604;3.8791911265881898;0.00;2.3;26.0;0.9;Image Captioning
1713954402.443264;3.8791911265881898;0.00;2.3;26.0;0.9;Image Captioning
1713954402.4602647;3.8791911265881898;0.00;2.3;26.0;0.9;Image Captioning
1713954402.475265;3.8791911265881898;0.00;2.3;26.0;0.9;Image Captioning
1713954402.491264;3.8791911265881898;0.00;2.3;26.0;0.9;Image Captioning
1713954402.544548;3.4878193145507406;1.30;2.3;23.0;0.9;Image Captioning
1713954402.5555475;3.4878193145507406;0.00;2.3;23.0;0.9;Image Captioning
1713954402.570548;3.4878193145507406;5.90;2.3;23.0;0.9;Image Captioning
1713954402.586547;3.4878193145507406;3.70;2.3;23.0;0.9;Image Captioning
1713954402.602547;3.4878193145507406;9.50;2.3;23.0;0.9;Image Captioning
1713954402.6195476;3.4878193145507406;7.10;2.3;23.0;0.9;Image Captioning
1713954402.6345496;3.4878193145507406;0.00;2.3;23.0;0.9;Image Captioning
1713954402.6505747;3.4878193145507406;7.70;2.3;23.0;0.9;Image Captioning
1713954402.6665735;3.4878193145507406;9.10;2.3;23.0;0.9;Image Captioning
1713954402.6825736;3.4878193145507406;4.20;2.3;23.0;0.9;Image Captioning
1713954402.6995742;3.4878193145507406;0.00;2.3;23.0;0.9;Image Captioning
1713954402.7145736;3.4878193145507406;6.90;2.3;23.0;0.9;Image Captioning
1713954402.730576;3.4878193145507406;8.00;2.3;32.0;0.9;Image Captioning
1713954402.746597;3.4878193145507406;8.00;2.3;32.0;0.9;Image Captioning
1713954402.8045988;3.8263012297052286;1.20;2.3;32.0;0.9;Image Captioning
1713954402.8115983;3.8263012297052286;4.20;2.3;32.0;0.9;Image Captioning
1713954402.8275979;3.8263012297052286;15.00;2.3;32.0;0.9;Image Captioning
1713954402.8426015;3.8263012297052286;4.00;2.3;32.0;0.9;Image Captioning
1713954402.8589506;3.8263012297052286;4.30;2.3;32.0;0.9;Image Captioning
1713954402.873601;3.8263012297052286;2.00;2.3;32.0;0.9;Image Captioning
1713954402.8882153;3.8263012297052286;25.00;2.3;32.0;0.9;Image Captioning
1713954402.9040234;3.8263012297052286;4.80;2.3;32.0;0.9;Image Captioning
1713954402.9272127;3.8263012297052286;0.00;2.3;27.0;0.9;Image Captioning
1713954402.9342144;3.8263012297052286;0.00;2.3;27.0;0.9;Image Captioning
1713954402.9507186;3.8263012297052286;12.50;2.3;27.0;0.9;Image Captioning
1713954402.9658284;3.8263012297052286;7.40;2.3;27.0;0.9;Image Captioning
1713954402.9818323;3.8263012297052286;0.00;2.3;27.0;0.9;Image Captioning
1713954402.9988325;3.8263012297052286;0.00;2.3;27.0;0.9;Image Captioning
1713954403.0138314;3.8263012297052286;0.00;2.3;27.0;0.9;Image Captioning
1713954403.07834;3.671181117915938;1.00;2.3;27.0;0.9;Image Captioning
1713954403.09334;3.671181117915938;0.00;2.3;27.0;0.9;Image Captioning
1713954403.1093402;3.671181117915938;0.00;2.3;27.0;0.9;Image Captioning
1713954403.1273403;3.671181117915938;0.00;2.3;26.0;0.9;Image Captioning
1713954403.1413426;3.671181117915938;0.00;2.3;26.0;0.9;Image Captioning
1713954403.1578486;3.671181117915938;0.00;2.3;26.0;0.9;Image Captioning
1713954403.172848;3.671181117915938;0.00;2.3;26.0;0.9;Image Captioning
1713954403.188848;3.671181117915938;0.00;2.3;26.0;0.9;Image Captioning
1713954403.2048476;3.671181117915938;14.30;2.3;26.0;0.9;Image Captioning
1713954403.221848;3.671181117915938;0.00;2.3;26.0;0.9;Image Captioning
1713954403.2378514;3.671181117915938;0.00;2.3;26.0;0.9;Image Captioning
1713954403.2523558;3.671181117915938;0.00;2.3;26.0;0.9;Image Captioning
1713954403.2683566;3.671181117915938;0.00;2.3;26.0;0.9;Image Captioning
1713954403.2843564;3.671181117915938;0.00;2.3;26.0;0.9;Image Captioning
1713954403.3490174;3.6762813680411472;3.10;2.3;28.0;0.9;Image Captioning
1713954403.364022;3.6762813680411472;0.00;2.3;28.0;0.9;Image Captioning
1713954403.3800213;3.6762813680411472;0.00;2.3;28.0;0.9;Image Captioning
1713954403.395021;3.6762813680411472;3.80;2.3;28.0;0.9;Image Captioning
1713954403.4110215;3.6762813680411472;0.00;2.3;28.0;0.9;Image Captioning
1713954403.427021;3.6762813680411472;0.00;2.3;28.0;0.9;Image Captioning
1713954403.4430256;3.6762813680411472;0.00;2.3;28.0;0.9;Image Captioning
1713954403.459309;3.6762813680411472;0.00;2.3;28.0;0.9;Image Captioning
1713954403.474308;3.6762813680411472;20.00;2.3;28.0;0.9;Image Captioning
1713954403.4903085;3.6762813680411472;0.00;2.3;28.0;0.9;Image Captioning
1713954403.5064356;3.6762813680411472;2.60;2.3;28.0;0.9;Image Captioning
1713954403.5264392;3.6762813680411472;0.00;2.3;29.0;0.9;Image Captioning
1713954403.5384436;3.6762813680411472;3.30;2.3;29.0;0.9;Image Captioning
1713954403.55295;3.6762813680411472;0.00;2.3;29.0;0.9;Image Captioning
1713954403.5689492;3.6762813680411472;0.00;2.3;29.0;0.9;Image Captioning
1713954403.5849493;3.6762813680411472;0.00;2.3;29.0;0.9;Image Captioning
1713954403.6389527;3.4765026663967706;3.50;2.3;29.0;0.9;Image Captioning
1713954403.64818;3.4765026663967706;4.00;2.3;29.0;0.9;Image Captioning
1713954403.6671817;3.4765026663967706;0.00;2.3;29.0;0.9;Image Captioning
1713954403.6811793;3.4765026663967706;0.00;2.3;29.0;0.9;Image Captioning
1713954403.6971807;3.4765026663967706;4.50;2.3;29.0;0.9;Image Captioning
1713954403.712179;3.4765026663967706;0.00;2.3;29.0;0.9;Image Captioning
1713954403.7281816;3.4765026663967706;0.00;2.3;28.0;0.9;Image Captioning
1713954403.74421;3.4765026663967706;0.00;2.3;28.0;0.9;Image Captioning
1713954403.7612107;3.4765026663967706;4.00;2.3;28.0;0.9;Image Captioning
1713954403.7772107;3.4765026663967706;0.00;2.3;28.0;0.9;Image Captioning
1713954403.7922106;3.4765026663967706;4.00;2.3;28.0;0.9;Image Captioning
1713954403.80821;3.4765026663967706;0.00;2.3;28.0;0.9;Image Captioning
1713954403.82421;3.4765026663967706;0.00;2.3;28.0;0.9;Image Captioning
1713954403.8412125;3.4765026663967706;0.00;2.3;28.0;0.9;Image Captioning
1713954403.8998806;3.8241546607781225;2.20;2.3;28.0;0.9;Image Captioning
1713954403.9268796;3.8241546607781225;0.00;2.3;27.0;0.9;Image Captioning
1713954403.934883;3.8241546607781225;8.70;2.3;27.0;0.9;Image Captioning
1713954403.950389;3.8241546607781225;5.00;2.3;27.0;0.9;Image Captioning
1713954403.966389;3.8241546607781225;4.00;2.3;27.0;0.9;Image Captioning
1713954403.9823883;3.8241546607781225;0.00;2.3;27.0;0.9;Image Captioning
1713954403.998389;3.8241546607781225;8.70;2.3;27.0;0.9;Image Captioning
1713954404.0133884;3.8241546607781225;3.80;2.3;27.0;0.9;Image Captioning
1713954404.02939;3.8241546607781225;0.00;2.3;27.0;0.9;Image Captioning
1713954404.0448973;3.8241546607781225;8.00;2.3;27.0;0.9;Image Captioning
1713954404.061897;3.8241546607781225;8.00;2.3;27.0;0.9;Image Captioning
1713954404.077898;3.8241546607781225;0.00;2.3;27.0;0.9;Image Captioning
1713954404.0928962;3.8241546607781225;8.70;2.3;27.0;0.9;Image Captioning
1713954404.108896;3.8241546607781225;0.00;2.3;27.0;0.9;Image Captioning
1713954404.1788719;3.5870566084931763;2.40;2.3;35.0;0.9;Image Captioning
1713954404.1868222;3.5870566084931763;0.00;2.3;35.0;0.9;Image Captioning
1713954404.2038221;3.5870566084931763;0.00;2.3;35.0;0.9;Image Captioning
1713954404.2198243;3.5870566084931763;0.00;2.3;35.0;0.9;Image Captioning
1713954404.234825;3.5870566084931763;0.00;2.3;35.0;0.9;Image Captioning
1713954404.250329;3.5870566084931763;0.00;2.3;35.0;0.9;Image Captioning
1713954404.266329;3.5870566084931763;0.00;2.3;35.0;0.9;Image Captioning
1713954404.282329;3.5870566084931763;0.00;2.3;35.0;0.9;Image Captioning
1713954404.299172;3.5870566084931763;3.80;2.3;35.0;0.9;Image Captioning
1713954404.3141718;3.5870566084931763;0.00;2.3;35.0;0.9;Image Captioning
1713954404.3301754;3.5870566084931763;4.00;2.3;29.0;0.9;Image Captioning
1713954404.346204;3.5870566084931763;4.50;2.3;29.0;0.9;Image Captioning
1713954404.3622043;3.5870566084931763;0.00;2.3;29.0;0.9;Image Captioning
1713954404.3792045;3.5870566084931763;0.00;2.3;29.0;0.9;Image Captioning
1713954404.4468946;3.7357648682198534;2.00;2.3;29.0;0.9;Image Captioning
1713954404.458894;3.7357648682198534;0.00;2.3;29.0;0.9;Image Captioning
1713954404.4738936;3.7357648682198534;5.90;2.3;29.0;0.9;Image Captioning
1713954404.489894;3.7357648682198534;4.00;2.3;29.0;0.9;Image Captioning
1713954404.5058935;3.7357648682198534;0.00;2.3;29.0;0.9;Image Captioning
1713954404.5258932;3.7357648682198534;7.40;2.3;31.0;0.9;Image Captioning
1713954404.538896;3.7357648682198534;0.00;2.3;31.0;0.9;Image Captioning
1713954404.5534022;3.7357648682198534;8.30;2.3;31.0;0.9;Image Captioning
1713954404.569401;3.7357648682198534;12.00;2.3;31.0;0.9;Image Captioning
1713954404.5854013;3.7357648682198534;7.40;2.3;31.0;0.9;Image Captioning
1713954404.6014009;3.7357648682198534;7.10;2.3;31.0;0.9;Image Captioning
1713954404.6174011;3.7357648682198534;8.00;2.3;31.0;0.9;Image Captioning
1713954404.633403;3.7357648682198534;4.20;2.3;31.0;0.9;Image Captioning
1713954404.6494133;3.7357648682198534;7.40;2.3;31.0;0.9;Image Captioning
1713954404.7144144;3.7471006810456746;3.20;2.3;31.0;0.9;Image Captioning
1713954404.7304163;3.7471006810456746;6.20;2.3;25.0;0.9;Image Captioning
1713954404.7459228;3.7471006810456746;6.20;2.3;25.0;0.9;Image Captioning
1713954404.7619226;3.7471006810456746;7.70;2.3;25.0;0.9;Image Captioning
1713954404.776923;3.7471006810456746;0.00;2.3;25.0;0.9;Image Captioning
1713954404.7919216;3.7471006810456746;7.40;2.3;25.0;0.9;Image Captioning
1713954404.8079233;3.7471006810456746;0.00;2.3;25.0;0.9;Image Captioning
1713954404.823922;3.7471006810456746;3.80;2.3;25.0;0.9;Image Captioning
1713954404.8409247;3.7471006810456746;7.70;2.3;25.0;0.9;Image Captioning
1713954404.8564298;3.7471006810456746;8.00;2.3;25.0;0.9;Image Captioning
1713954404.8714297;3.7471006810456746;7.10;2.3;25.0;0.9;Image Captioning
1713954404.8873606;3.7471006810456746;0.00;2.3;25.0;0.9;Image Captioning
1713954404.9033613;3.7471006810456746;4.00;2.3;25.0;0.9;Image Captioning
1713954404.9263601;3.7471006810456746;0.00;2.3;41.0;0.9;Image Captioning
1713954404.9838982;3.715791033975438;3.00;2.3;41.0;0.9;Image Captioning
1713954404.9992437;3.715791033975438;0.00;2.3;41.0;0.9;Image Captioning
1713954405.0142949;3.715791033975438;0.00;2.3;41.0;0.9;Image Captioning
1713954405.029974;3.715791033975438;20.00;2.3;41.0;0.9;Image Captioning
1713954405.0454814;3.715791033975438;0.00;2.3;41.0;0.9;Image Captioning
1713954405.0614815;3.715791033975438;0.00;2.3;41.0;0.9;Image Captioning
1713954405.0784826;3.715791033975438;4.00;2.3;41.0;0.9;Image Captioning
1713954405.0934825;3.715791033975438;0.00;2.3;41.0;0.9;Image Captioning
1713954405.1094813;3.715791033975438;0.00;2.3;41.0;0.9;Image Captioning
1713954405.1274817;3.715791033975438;0.00;2.3;31.0;0.9;Image Captioning
1713954405.1424856;3.715791033975438;0.00;2.3;31.0;0.9;Image Captioning
1713954405.1585515;3.715791033975438;0.00;2.3;31.0;0.9;Image Captioning
1713954405.1735506;3.715791033975438;3.60;2.3;31.0;0.9;Image Captioning
1713954405.1895506;3.715791033975438;3.30;2.3;31.0;0.9;Image Captioning
1713954405.2055511;3.715791033975438;0.00;2.3;31.0;0.9;Image Captioning
1713954405.2637525;3.5707118782980896;0.00;2.3;31.0;0.9;Image Captioning
1713954405.2834191;3.5707118782980896;0.00;2.3;31.0;0.9;Image Captioning
1713954405.3014197;3.5707118782980896;4.50;2.3;31.0;0.9;Image Captioning
1713954405.3164196;3.5707118782980896;0.00;2.3;31.0;0.9;Image Captioning
1713954405.3314216;3.5707118782980896;3.20;2.3;44.0;0.9;Image Captioning
1713954405.3468096;3.5707118782980896;0.00;2.3;44.0;0.9;Image Captioning
1713954405.3628106;3.5707118782980896;0.00;2.3;44.0;0.9;Image Captioning
1713954405.3788102;3.5707118782980896;3.80;2.3;44.0;0.9;Image Captioning
1713954405.3938093;3.5707118782980896;14.30;2.3;44.0;0.9;Image Captioning
1713954405.4108095;3.5707118782980896;0.00;2.3;44.0;0.9;Image Captioning
1713954405.4258099;3.5707118782980896;3.70;2.3;44.0;0.9;Image Captioning
1713954405.4418137;3.5707118782980896;2.40;2.3;44.0;0.9;Image Captioning
1713954405.4583209;3.5707118782980896;4.00;2.3;44.0;0.9;Image Captioning
1713954405.4723203;3.5707118782980896;16.70;2.3;44.0;0.9;Image Captioning
1713954405.5410714;3.616531890829043;3.40;2.3;56.0;0.9;Image Captioning
1713954405.5515761;3.616531890829043;0.00;2.3;56.0;0.9;Image Captioning
1713954405.5665748;3.616531890829043;4.30;2.3;56.0;0.9;Image Captioning
1713954405.5825758;3.616531890829043;11.10;2.3;56.0;0.9;Image Captioning
1713954405.5985756;3.616531890829043;4.50;2.3;56.0;0.9;Image Captioning
1713954405.6135755;3.616531890829043;5.90;2.3;56.0;0.9;Image Captioning
1713954405.6295772;3.616531890829043;7.40;2.3;56.0;0.9;Image Captioning
1713954405.645638;3.616531890829043;8.70;2.3;56.0;0.9;Image Captioning
1713954405.6616385;3.616531890829043;0.00;2.3;56.0;0.9;Image Captioning
1713954405.6786382;3.616531890829043;8.30;2.3;56.0;0.9;Image Captioning
1713954405.6936715;3.616531890829043;0.00;2.3;56.0;0.9;Image Captioning
1713954405.7106714;3.616531890829043;4.00;2.3;56.0;0.9;Image Captioning
1713954405.729675;3.616531890829043;4.00;2.3;60.0;0.9;Image Captioning
1713954405.741675;3.616531890829043;3.60;2.3;60.0;0.9;Image Captioning
1713954405.8028953;3.809085583169478;3.30;2.3;60.0;0.9;Image Captioning
1713954405.8219004;3.809085583169478;0.00;2.3;60.0;0.9;Image Captioning
1713954405.8379035;3.809085583169478;6.20;2.3;60.0;0.9;Image Captioning
1713954405.852412;3.809085583169478;4.00;2.3;60.0;0.9;Image Captioning
1713954405.8684113;3.809085583169478;4.30;2.3;60.0;0.9;Image Captioning
1713954405.8844109;3.809085583169478;4.20;2.3;60.0;0.9;Image Captioning
1713954405.9004118;3.809085583169478;0.00;2.3;60.0;0.9;Image Captioning
1713954405.9204116;3.809085583169478;0.00;2.3;22.0;0.9;Image Captioning
1713954405.9324136;3.809085583169478;3.80;2.3;22.0;0.9;Image Captioning
1713954405.9479215;3.809085583169478;4.50;2.3;22.0;0.9;Image Captioning
1713954405.9639206;3.809085583169478;0.00;2.3;22.0;0.9;Image Captioning
1713954405.979921;3.809085583169478;0.00;2.3;22.0;0.9;Image Captioning
1713954405.9969215;3.809085583169478;3.80;2.3;22.0;0.9;Image Captioning
1713954406.0634778;3.8476588724138105;1.90;2.3;22.0;0.9;Image Captioning
1713954406.0757415;3.8476588724138105;3.20;2.3;22.0;0.9;Image Captioning
1713954406.0906935;3.8476588724138105;0.00;2.3;22.0;0.9;Image Captioning
1713954406.1066933;3.8476588724138105;0.00;2.3;22.0;0.9;Image Captioning
1713954406.1226938;3.8476588724138105;4.50;2.3;19.0;0.9;Image Captioning
1713954406.139696;3.8476588724138105;0.00;2.3;19.0;0.9;Image Captioning
1713954406.1542034;3.8476588724138105;4.00;2.3;19.0;0.9;Image Captioning
1713954406.1702034;3.8476588724138105;2.40;2.3;19.0;0.9;Image Captioning
1713954406.1872032;3.8476588724138105;0.00;2.3;19.0;0.9;Image Captioning
1713954406.2032027;3.8476588724138105;0.00;2.3;19.0;0.9;Image Captioning
1713954406.2192035;3.8476588724138105;0.00;2.3;19.0;0.9;Image Captioning
1713954406.2342057;3.8476588724138105;0.00;2.3;19.0;0.9;Image Captioning
1713954406.2502294;3.8476588724138105;0.00;2.3;19.0;0.9;Image Captioning
1713954406.266229;3.8476588724138105;0.00;2.3;19.0;0.9;Image Captioning
1713954406.2822287;3.8476588724138105;4.00;2.3;19.0;0.9;Image Captioning
1713954406.3402314;3.6080450743936052;4.30;2.3;16.0;0.9;Image Captioning
1713954406.3465664;3.6080450743936052;0.00;2.3;16.0;0.9;Image Captioning
1713954406.3625665;3.6080450743936052;0.00;2.3;16.0;0.9;Image Captioning
1713954406.378567;3.6080450743936052;0.00;2.3;16.0;0.9;Image Captioning
1713954406.3935664;3.6080450743936052;0.00;2.3;16.0;0.9;Image Captioning
1713954406.4095664;3.6080450743936052;0.00;2.3;16.0;0.9;Image Captioning
1713954406.4255664;3.6080450743936052;0.00;2.3;16.0;0.9;Image Captioning
1713954406.4405694;3.6080450743936052;0.00;2.3;16.0;0.9;Image Captioning
1713954406.457074;3.6080450743936052;0.00;2.3;16.0;0.9;Image Captioning
1713954406.4720736;3.6080450743936052;4.20;2.3;16.0;0.9;Image Captioning
1713954406.487074;3.6080450743936052;3.40;2.3;16.0;0.9;Image Captioning
1713954406.5030732;3.6080450743936052;0.00;2.3;16.0;0.9;Image Captioning
1713954406.520074;3.6080450743936052;0.00;2.3;22.0;0.9;Image Captioning
1713954406.5330765;3.6080450743936052;3.70;2.3;22.0;0.9;Image Captioning
1713954406.586125;4.085050756655876;0.00;2.3;22.0;0.9;Image Captioning
1713954406.598126;4.085050756655876;0.00;2.3;22.0;0.9;Image Captioning
1713954406.6131246;4.085050756655876;0.00;2.3;22.0;0.9;Image Captioning
1713954406.6291249;4.085050756655876;4.30;2.3;22.0;0.9;Image Captioning
1713954406.6446307;4.085050756655876;4.30;2.3;22.0;0.9;Image Captioning
1713954406.660635;4.085050756655876;2.90;2.3;22.0;0.9;Image Captioning
1713954406.6776357;4.085050756655876;0.00;2.3;22.0;0.9;Image Captioning
1713954406.6926346;4.085050756655876;4.20;2.3;22.0;0.9;Image Captioning
1713954406.7086337;4.085050756655876;4.00;2.3;22.0;0.9;Image Captioning
1713954406.7246344;4.085050756655876;4.30;2.3;18.0;0.9;Image Captioning
1713954406.7396371;4.085050756655876;4.30;2.3;18.0;0.9;Image Captioning
1713954406.7551425;4.085050756655876;0.00;2.3;18.0;0.9;Image Captioning
1713954406.7711425;4.085050756655876;4.00;2.3;18.0;0.9;Image Captioning
1713954406.7871416;4.085050756655876;4.20;2.3;18.0;0.9;Image Captioning
1713954406.8482425;4.085050756655876;1.10;2.3;18.0;0.9;Image Captioning
1713954406.8665984;3.8033572996604703;4.80;2.3;18.0;0.9;Image Captioning
1713954406.8825989;3.8033572996604703;0.00;2.3;18.0;0.9;Image Captioning
1713954406.8995996;3.8033572996604703;3.60;2.3;18.0;0.9;Image Captioning
1713954406.914599;3.8033572996604703;0.00;2.3;18.0;0.9;Image Captioning
1713954406.9306011;3.8033572996604703;0.00;2.3;19.0;0.9;Image Captioning
1713954406.9461095;3.8033572996604703;4.20;2.3;19.0;0.9;Image Captioning
1713954406.9631088;3.8033572996604703;3.70;2.3;19.0;0.9;Image Captioning
1713954406.979109;3.8033572996604703;4.20;2.3;19.0;0.9;Image Captioning
1713954406.9941094;3.8033572996604703;4.30;2.3;19.0;0.9;Image Captioning
1713954407.0101128;3.8033572996604703;0.00;2.3;19.0;0.9;Image Captioning
1713954407.026109;3.8033572996604703;0.00;2.3;19.0;0.9;Image Captioning
1713954407.042113;3.8033572996604703;4.00;2.3;19.0;0.9;Image Captioning
1713954407.0591958;3.8033572996604703;0.00;2.3;19.0;0.9;Image Captioning
1713954407.1210427;3.7000981634148644;2.60;2.3;15.0;0.9;Image Captioning
1713954407.1364672;3.7000981634148644;4.30;2.3;15.0;0.9;Image Captioning
1713954407.1520438;3.7000981634148644;0.00;2.3;15.0;0.9;Image Captioning
1713954407.1670465;3.7000981634148644;0.00;2.3;15.0;0.9;Image Captioning
1713954407.1830468;3.7000981634148644;0.00;2.3;15.0;0.9;Image Captioning
1713954407.1990476;3.7000981634148644;2.70;2.3;15.0;0.9;Image Captioning
1713954407.2160482;3.7000981634148644;16.70;2.3;15.0;0.9;Image Captioning
1713954407.2310514;3.7000981634148644;9.10;2.3;15.0;0.9;Image Captioning
1713954407.2470658;3.7000981634148644;0.00;2.3;15.0;0.9;Image Captioning
1713954407.2630658;3.7000981634148644;0.00;2.3;15.0;0.9;Image Captioning
1713954407.2790666;3.7000981634148644;10.00;2.3;15.0;0.9;Image Captioning
1713954407.2950666;3.7000981634148644;0.00;2.3;15.0;0.9;Image Captioning
1713954407.311066;3.7000981634148644;2.60;2.3;15.0;0.9;Image Captioning
1713954407.3270664;3.7000981634148644;0.00;2.3;23.0;0.9;Image Captioning
1713954407.3804421;3.836795018014069;2.60;2.3;23.0;0.9;Image Captioning
1713954407.4394944;0;2.80;2.3;23.0;0.0;
1713954407.4531035;0;0.00;2.3;23.0;0.0;
1713954407.4691036;0;0.00;2.3;23.0;0.0;
1713954407.4848502;0;0.00;2.3;23.0;0.0;
1713954407.5008547;0;0.00;2.3;23.0;0.0;
1713954407.525367;0;0.00;2.3;2.0;0.0;
1713954407.5316203;0;3.80;2.3;2.0;0.0;
1713954407.5477464;0;0.00;2.3;2.0;0.0;
1713954407.5636234;0;0.00;2.3;2.0;0.0;
1713954407.5804074;0;0.00;2.3;2.0;0.0;
1713954407.596374;0;0.00;2.3;2.0;0.0;
1713954407.611418;0;0.00;2.3;2.0;0.0;
1713954407.628421;0;0.00;2.3;2.0;0.0;
1713954407.642728;0;0.00;2.3;2.0;0.0;
1713954407.6598525;0;0.00;2.3;2.0;0.0;
1713954407.675545;0;0.00;2.3;2.0;0.0;
1713954407.6906717;0;0.00;2.3;2.0;0.0;
1713954407.7066803;0;4.00;2.3;2.0;0.0;
1713954407.7264187;0;4.30;2.3;0.0;0.0;
1713954407.737785;0;4.20;2.3;0.0;0.0;
1713954407.7532892;0;0.00;2.3;0.0;0.0;
1713954407.7702901;0;4.30;2.3;0.0;0.0;
1713954407.7852893;0;4.30;2.3;0.0;0.0;
1713954407.8012888;0;4.00;2.3;0.0;0.0;
1713954407.8182898;0;3.80;2.3;0.0;0.0;
1713954407.8332913;0;4.20;2.3;0.0;0.0;
1713954407.8487945;0;4.20;2.3;0.0;0.0;
1713954407.8657959;0;2.40;2.3;0.0;0.0;
1713954407.8807948;0;7.10;2.3;0.0;0.0;
1713954407.897795;0;4.80;2.3;0.0;0.0;
1713954407.9120035;0;7.40;2.3;0.0;0.0;
1713954407.9274797;0;0.00;2.3;0.0;0.0;
1713954407.9430811;0;0.00;2.3;0.0;0.0;
1713954407.9591582;0;0.00;2.3;0.0;0.0;
1713954407.976197;0;0.00;2.3;0.0;0.0;
1713954407.990472;0;0.00;2.3;0.0;0.0;
1713954408.006346;0;0.00;2.3;0.0;0.0;
1713954408.0216155;0;4.80;2.3;0.0;0.0;
1713954408.0372305;0;0.00;2.3;0.0;0.0;
1713954408.0867374;0;4.80;1.4;0.0;0.0;
1713954408.1007369;0;3.60;1.4;0.0;0.0;
1713954408.1267364;0;24.00;1.4;0.0;0.0;
1713954408.1327395;0;4.30;1.5;0.0;0.0;
1713954408.1482444;0;3.10;1.7;0.0;0.0;
1713954408.1642447;0;3.40;1.8;0.0;0.0;
1713954408.1812449;0;0.00;1.8;0.0;0.0;
1713954408.197245;0;3.10;1.6;0.0;0.0;
1713954408.2117531;0;0.00;1.6;0.0;0.0;
1713954408.2269032;0;0.00;1.6;0.0;0.0;
1713954408.242871;0;0.00;1.6;0.0;0.0;
1713954408.2581627;0;0.00;1.6;0.0;0.0;
1713954408.273373;0;0.00;1.6;0.0;0.0;
1713954408.290453;0;0.00;1.6;0.0;0.0;
1713954408.3047786;0;0.00;1.6;0.0;0.0;
1713954408.3243988;0;0.00;1.6;0.0;0.0;
1713954408.336734;0;3.40;1.6;0.0;0.0;
1713954408.3528063;0;0.00;1.6;0.0;0.1;
1713954408.3688066;0.0;0.00;1.6;0.0;0.2;Room Classification
1713954408.383806;0.0;5.90;1.6;0.0;0.2;Room Classification
1713954408.440004;12.400024798650529;1.30;1.6;0.0;0.2;Room Classification
1713954408.447111;12.400024798650529;4.00;1.6;0.0;0.2;Room Classification
1713954408.5008821;16.315476038467125;1.50;1.6;0.0;0.2;Room Classification
1713954408.5108867;16.315476038467125;6.50;1.6;0.0;0.2;Room Classification
1713954408.5663953;15.389634776403815;2.50;1.6;14.0;0.2;Room Classification
1713954408.5743518;15.389634776403815;0.00;1.6;14.0;0.2;Room Classification
1713954408.6273055;16.42726663667686;1.40;1.6;14.0;0.2;Room Classification
1713954408.6392593;16.42726663667686;0.00;1.6;14.0;0.2;Room Classification
1713954408.6927993;15.3412115555118;1.50;1.6;14.0;0.2;Room Classification
1713954408.7027516;15.3412115555118;2.80;1.6;14.0;0.2;Room Classification
1713954408.7572606;15.578653503964414;4.40;1.6;7.0;0.2;Room Classification
1713954408.766095;15.578653503964414;3.80;1.6;7.0;0.2;Room Classification
1713954408.8237693;15.379362741494873;4.30;1.6;7.0;0.2;Room Classification
1713954408.8290076;15.379362741494873;0.00;1.6;7.0;0.2;Room Classification
1713954408.8826122;16.66922261807259;1.20;1.6;7.0;0.2;Room Classification
1713954408.9436147;16.66922261807259;0.00;1.6;7.0;0.2;Room Classification
1713954409.0061693;16.170527914975807;1.20;1.6;10.0;0.2;Room Classification
1713954409.0682397;16.178245438143115;2.20;1.6;10.0;0.2;Room Classification
1713954409.1286254;16.512576808822665;0.00;1.6;11.0;0.2;Room Classification
1713954409.2004912;14.190737706586267;0.70;1.6;11.0;0.2;Room Classification
1713954409.260918;14.190737706586267;0.00;1.6;11.0;0.2;Room Classification
1713954409.3291347;16.609805767667677;4.30;1.6;10.0;0.2;Room Classification
1713954409.3872616;16.609805767667677;0.00;1.6;10.0;0.2;Room Classification
1713954409.4563935;14.790558298423157;2.30;1.6;10.0;0.2;Room Classification
1713954409.4643934;14.790558298423157;0.00;1.6;10.0;0.2;Room Classification
1713954409.5283937;16.092875204155906;1.20;1.6;10.0;0.2;Room Classification
1713954409.5914574;13.742852000870375;4.60;1.6;10.0;0.2;Room Classification
1713954409.654294;15.838573263805998;0.00;1.6;10.0;0.2;Room Classification
1713954409.7252922;14.39940789854389;4.80;1.6;11.0;0.2;Room Classification
1713954409.7359788;14.39940789854389;0.00;1.6;11.0;0.2;Room Classification
1713954409.7917695;14.584466667399036;2.50;1.6;11.0;0.2;Room Classification
1713954409.7987742;14.584466667399036;0.00;1.6;11.0;0.2;Room Classification
1713954409.8626459;14.271198438941296;3.80;1.6;11.0;0.2;Room Classification
1713954409.9276485;16.971877593628953;5.00;1.6;10.0;0.2;Room Classification
1713954409.9901586;14.666326408148741;2.60;1.6;10.0;0.2;Room Classification
1713954410.0536726;15.696837559456702;1.00;1.6;10.0;0.2;Room Classification
1713954410.0666723;15.696837559456702;0.00;1.6;10.0;0.2;Room Classification
1713954410.1286724;14.929785219047957;1.10;1.6;11.0;0.2;Room Classification
1713954410.1848416;15.566407074586124;1.90;1.6;11.0;0.2;Room Classification
1713954410.1928413;15.566407074586124;0.00;1.6;11.0;0.2;Room Classification
1713954410.2528143;14.88728833876714;2.10;1.6;11.0;0.2;Room Classification
1713954410.3148134;16.176256492028177;1.30;1.6;11.0;0.2;Room Classification
1713954410.379978;15.280589831772135;5.00;1.6;10.0;0.2;Room Classification
1713954410.4412153;16.24682171104302;1.00;1.6;10.0;0.2;Room Classification
1713954410.506293;15.505991515389882;2.20;1.6;10.0;0.2;Room Classification
1713954410.564898;17.104659994006354;2.00;1.6;13.0;0.2;Room Classification
1713954410.5723336;17.104659994006354;0.00;1.6;13.0;0.2;Room Classification
1713954410.632288;14.981969199251527;2.60;1.6;13.0;0.2;Room Classification
1713954410.6957924;15.886532035127155;1.00;1.6;13.0;0.2;Room Classification
1713954410.7608724;15.39141128763158;1.90;1.6;18.0;0.2;Room Classification
1713954410.8242211;15.633231869170212;3.10;1.6;18.0;0.2;Room Classification
1713954410.894599;14.223860811689638;2.80;1.6;18.0;0.2;Room Classification
1713954410.9065976;14.223860811689638;0.00;1.6;18.0;0.2;Room Classification
1713954410.9631078;14.708737581477973;3.60;1.6;18.0;0.2;Room Classification
1713954410.969107;14.708737581477973;0.00;1.6;18.0;0.2;Room Classification
1713954411.0321105;14.477520749850779;1.20;1.6;18.0;0.2;Room Classification
1713954411.0976157;15.28210770726503;3.30;1.6;18.0;0.2;Room Classification
1713954411.1124399;15.28210770726503;0.00;1.6;18.0;0.2;Room Classification
1713954411.1679337;14.315613467047115;1.20;1.6;18.0;0.2;Room Classification
1713954411.1751301;14.315613467047115;0.00;1.6;18.0;0.2;Room Classification
1713954411.234088;15.039787758579866;2.10;1.6;18.0;0.2;Room Classification
1713954411.3057897;14.179791244836073;3.00;1.6;18.0;0.2;Room Classification
1713954411.3717184;14.179791244836073;28.60;1.6;15.0;0.2;Room Classification
1713954411.3793223;14.706812343483238;2.60;1.6;15.0;0.2;Room Classification
1713954411.4445968;13.974951300157333;3.20;1.6;15.0;0.2;Room Classification
1713954411.4561827;13.974951300157333;5.60;1.6;15.0;0.2;Room Classification
1713954411.509183;15.650848355707188;1.30;1.6;15.0;0.2;Room Classification
1713954411.520184;15.650848355707188;0.00;1.6;15.0;0.2;Room Classification
1713954411.5786915;14.341255919281064;3.80;1.6;15.0;0.2;Room Classification
1713954411.6451733;15.152272766164966;2.30;1.6;15.0;0.2;Room Classification
1713954411.7016802;0;5.20;1.6;15.0;0.0;
1713954411.7106838;0;0.00;1.6;15.0;0.0;
1713954411.726866;0;0.00;1.6;12.0;0.0;
1713954411.7423635;0;0.00;1.6;12.0;0.0;
1713954411.7582219;0;0.00;1.6;12.0;0.0;
1713954411.7743232;0;0.00;1.6;12.0;0.0;
1713954411.7892725;0;0.00;1.6;12.0;0.0;
1713954411.8045847;0;0.00;1.6;12.0;0.0;
1713954411.820595;0;0.00;1.6;12.0;0.0;
1713954411.8376925;0;0.00;1.6;12.0;0.0;
1713954411.8526952;0;0.00;1.6;12.0;0.0;
1713954411.8686998;0;0.00;1.6;12.0;0.0;
1713954411.8847082;0;0.00;1.6;12.0;0.0;
1713954411.9009876;0;0.00;1.6;12.0;0.0;
1713954411.9265816;0;0.00;1.6;0.0;0.0;
1713954411.931752;0;0.00;1.6;0.0;0.0;
1713954411.9473505;0;0.00;1.6;0.0;0.0;
1713954411.9624166;0;0.00;1.6;0.0;0.0;
1713954411.97947;0;0.00;1.6;0.0;0.0;
1713954411.995455;0;0.00;1.6;0.0;0.0;
1713954412.0106099;0;0.00;1.6;0.0;0.0;
1713954412.0259383;0;0.00;1.6;0.0;0.0;
1713954412.04125;0;0.00;1.6;0.0;0.0;
1713954412.0573819;0;0.00;1.6;0.0;0.0;
1713954412.0723932;0;0.00;1.6;0.0;0.0;
1713954412.087752;0;0.00;1.6;0.0;0.0;
1713954412.1028943;0;0.00;1.6;0.0;0.0;
1713954412.1268992;0;0.00;1.6;0.0;0.0;
1713954412.1351888;0;0.00;1.6;0.0;0.0;
1713954412.150197;0;0.00;1.6;0.0;0.0;
1713954412.164716;0;0.00;1.6;0.0;0.0;
1713954412.1799564;0;0.00;1.6;0.0;0.0;
1713954412.1968973;0;0.00;1.6;0.0;0.0;
1713954412.2113733;0;0.00;1.6;0.0;0.0;
1713954412.2283742;0;0.00;1.6;0.0;0.0;
1713954412.2414227;0;0.00;1.6;0.0;0.0;
1713954412.257223;0;0.00;1.6;0.0;0.0;
1713954412.2714145;0;2.60;1.6;0.0;0.0;
1713954412.2869377;0;0.00;1.6;0.0;0.0;
1713954412.3017247;0;0.00;1.6;0.0;0.0;
1713954412.3267357;0;0.00;1.6;0.0;0.0;
1713954412.334496;0;0.00;1.6;0.0;0.0;
1713954412.3480544;0;0.00;1.6;0.0;0.0;
1713954412.3645315;0;0.00;1.6;0.0;0.0;
1713954412.379608;0;0.00;1.6;0.0;0.0;
1713954412.395658;0;0.00;1.6;0.0;0.0;
1713954412.4108305;0;0.00;1.6;0.0;0.0;
1713954412.4256215;0;0.00;1.6;0.0;0.0;
1713954412.4416242;0;0.00;1.6;0.0;0.0;
1713954412.4587154;0;0.00;1.6;0.0;0.0;
1713954412.4747546;0;0.00;1.6;0.0;0.0;
1713954412.4896317;0;2.80;1.6;0.0;0.0;
1713954412.5056612;0;0.00;1.6;0.0;0.0;
1713954412.5260417;0;0.00;1.6;0.0;0.0;
1713954412.5380461;0;0.00;1.6;0.0;0.0;
1713954412.5523746;0;0.00;1.6;0.0;0.0;
1713954412.5679827;0;0.00;1.6;0.0;0.0;
1713954412.583112;0;0.00;1.6;0.0;0.0;
1713954412.5982738;0;0.00;1.6;0.0;0.0;
1713954412.6148944;0;0.00;1.6;0.0;0.0;
1713954412.6299036;0;0.00;1.6;0.0;0.0;
1713954412.6450415;0;0.00;1.6;0.0;0.0;
1713954412.6605558;0;0.00;1.6;0.0;0.0;
1713954412.6775582;0;0.00;1.6;0.0;0.0;
1713954412.6922612;0;0.00;1.6;0.0;0.0;
1713954412.7078056;0;0.00;1.6;0.0;0.0;
